;fl_date;mkt_carrier_fl_num;origin_city_name;dest_city_name;distance;dep_delay;arr_delay;carrier_delay;weather_delay;nas_delay;security_delay;late_aircraft_delay
0;2019-11-14;4696;Jacksonville, FL;Miami, FL;335.0;-3.0;19.0;0.0;0.0;19.0;0.0;0.0
1;2019-11-14;4696;Miami, FL;Jacksonville, FL;335.0;-4.0;-4.0;;;;;
2;2019-11-14;4697;Burlington, VT;Washington, DC;437.0;-7.0;-12.0;;;;;
3;2019-11-14;4698;Washington, DC;Portland, ME;482.0;-6.0;-15.0;;;;;
4;2019-11-14;4698;Portland, ME;Washington, DC;482.0;-3.0;-1.0;;;;;
5;2019-11-14;4699;Detroit, MI;New York, NY;502.0;-10.0;-20.0;;;;;
6;2019-11-14;4699;New York, NY;Detroit, MI;502.0;-5.0;-12.0;;;;;
7;2019-11-14;4700;Detroit, MI;New York, NY;502.0;-7.0;-6.0;;;;;
8;2019-11-14;4700;New York, NY;Detroit, MI;502.0;2.0;-4.0;;;;;
9;2019-11-14;4702;Atlanta, GA;Washington, DC;547.0;-9.0;3.0;;;;;
10;2019-11-14;4702;Washington, DC;Atlanta, GA;547.0;-9.0;-11.0;;;;;
11;2019-11-14;4703;New York, NY;Richmond, VA;292.0;-4.0;-8.0;;;;;
12;2019-11-14;4704;Washington, DC;Columbus, OH;323.0;-4.0;-10.0;;;;;
13;2019-11-14;4705;Jacksonville, FL;Philadelphia, PA;742.0;0.0;-13.0;;;;;
14;2019-11-14;4708;Nashville, TN;New York, NY;764.0;5.0;13.0;;;;;
15;2019-11-14;4708;New York, NY;Nashville, TN;764.0;13.0;11.0;;;;;
16;2019-11-14;4709;Key West, FL;Miami, FL;126.0;1.0;-4.0;;;;;
17;2019-11-14;4709;Miami, FL;Key West, FL;126.0;-3.0;14.0;;;;;
18;2019-11-14;4710;Burlington, VT;Washington, DC;437.0;-10.0;-25.0;;;;;
19;2019-11-14;4710;Washington, DC;Burlington, VT;437.0;-3.0;-12.0;;;;;
20;2019-11-14;4713;Philadelphia, PA;Nashville, TN;675.0;-6.0;1.0;;;;;
21;2019-11-14;4714;Nashville, TN;Philadelphia, PA;675.0;-3.0;-22.0;;;;;
22;2019-11-14;4231;Chicago, IL;Jacksonville, FL;864.0;-10.0;-12.0;;;;;
23;2019-11-14;4232;Lubbock, TX;Houston, TX;458.0;-9.0;-20.0;;;;;
24;2019-11-14;4233;Newark, NJ;Washington, DC;199.0;-6.0;-8.0;;;;;
25;2019-11-14;4234;Newark, NJ;St. Louis, MO;872.0;29.0;27.0;27.0;0.0;0.0;0.0;0.0
26;2019-11-14;4235;New York, NY;Cleveland, OH;419.0;-5.0;1.0;;;;;
27;2019-11-14;4236;Houston, TX;Lafayette, LA;201.0;19.0;26.0;19.0;0.0;7.0;0.0;0.0
28;2019-11-14;4237;Houston, TX;Tulsa, OK;429.0;-5.0;-2.0;;;;;
29;2019-11-14;4238;Newark, NJ;Norfolk, VA;284.0;-6.0;-6.0;;;;;
30;2019-11-14;4239;Wichita, KS;Houston, TX;542.0;-3.0;-9.0;;;;;
31;2019-11-14;4240;Indianapolis, IN;Newark, NJ;645.0;-10.0;-14.0;;;;;
32;2019-11-14;4241;Washington, DC;Newark, NJ;199.0;-7.0;-8.0;;;;;
33;2019-11-14;4242;Houston, TX;St. Louis, MO;667.0;-3.0;5.0;;;;;
34;2019-11-14;4244;Cincinnati, OH;Chicago, IL;264.0;60.0;47.0;47.0;0.0;0.0;0.0;0.0
35;2019-11-14;4245;Buffalo, NY;Newark, NJ;282.0;233.0;239.0;159.0;0.0;6.0;0.0;74.0
36;2019-11-14;4246;Houston, TX;Laredo, TX;301.0;-8.0;-11.0;;;;;
37;2019-11-14;4247;Houston, TX;Lafayette, LA;201.0;19.0;21.0;2.0;0.0;11.0;0.0;8.0
38;2019-11-14;4249;Lafayette, LA;Houston, TX;201.0;-9.0;-2.0;;;;;
39;2019-11-14;4250;Houston, TX;Mobile, AL;427.0;-4.0;-7.0;;;;;
40;2019-11-14;4252;Pensacola, FL;Houston, TX;489.0;-7.0;-21.0;;;;;
41;2019-11-14;4254;Newark, NJ;St. Louis, MO;872.0;-4.0;-10.0;;;;;
42;2019-11-14;4257;Newark, NJ;Cleveland, OH;404.0;-11.0;-23.0;;;;;
43;2019-11-14;4258;Amarillo, TX;Houston, TX;517.0;-5.0;0.0;;;;;
44;2019-11-14;4259;Houston, TX;Shreveport, LA;192.0;-7.0;-17.0;;;;;
45;2019-11-14;4259;St. Louis, MO;Houston, TX;667.0;-6.0;-15.0;;;;;
46;2019-11-14;4261;St. Louis, MO;Houston, TX;667.0;-7.0;-16.0;;;;;
47;2019-11-14;4262;Houston, TX;Indianapolis, IN;844.0;4.0;-2.0;;;;;
48;2019-11-14;4264;Houston, TX;Lake Charles, LA;127.0;-9.0;-16.0;;;;;
49;2019-11-14;4264;St. Louis, MO;Houston, TX;667.0;-9.0;-11.0;;;;;
50;2019-11-14;4265;Chicago, IL;Little Rock, AR;552.0;-8.0;-7.0;;;;;
51;2019-11-14;4266;Little Rock, AR;Houston, TX;374.0;27.0;23.0;0.0;0.0;0.0;0.0;23.0
52;2019-11-14;4267;Chicago, IL;Charlotte, NC;599.0;-2.0;5.0;;;;;
53;2019-11-14;4268;Baton Rouge, LA;Houston, TX;253.0;25.0;28.0;0.0;0.0;3.0;0.0;25.0
54;2019-11-14;4270;Houston, TX;Tulsa, OK;429.0;-5.0;15.0;0.0;0.0;15.0;0.0;0.0
55;2019-11-14;4271;Jackson/Vicksburg, MS;Houston, TX;351.0;-18.0;-37.0;;;;;
56;2019-11-14;4272;Madison, WI;Newark, NJ;799.0;-5.0;-7.0;;;;;
57;2019-11-14;4273;Lincoln, NE;Chicago, IL;466.0;-8.0;2.0;;;;;
58;2019-11-14;4274;Newark, NJ;Norfolk, VA;284.0;0.0;15.0;0.0;0.0;15.0;0.0;0.0
59;2019-11-14;4277;Norfolk, VA;Newark, NJ;284.0;46.0;33.0;0.0;0.0;33.0;0.0;0.0
60;2019-11-14;4279;Newark, NJ;Greer, SC;594.0;-5.0;4.0;;;;;
61;2019-11-14;4280;Amarillo, TX;Houston, TX;517.0;-10.0;7.0;;;;;
62;2019-11-14;4280;Houston, TX;Gulfport/Biloxi, MS;376.0;-9.0;-5.0;;;;;
63;2019-11-14;4284;Chicago, IL;St. Louis, MO;258.0;54.0;42.0;42.0;0.0;0.0;0.0;0.0
64;2019-11-14;4285;Chicago, IL;Lincoln, NE;466.0;-7.0;-12.0;;;;;
65;2019-11-14;4287;Chicago, IL;Peoria, IL;130.0;-11.0;-17.0;;;;;
66;2019-11-14;4291;Detroit, MI;Chicago, IL;235.0;-5.0;15.0;0.0;0.0;15.0;0.0;0.0
67;2019-11-14;4291;Chicago, IL;New York, NY;733.0;-8.0;-22.0;;;;;
68;2019-11-14;4294;Newark, NJ;Savannah, GA;708.0;-8.0;-11.0;;;;;
69;2019-11-14;4295;Lafayette, LA;Houston, TX;201.0;-9.0;-25.0;;;;;
70;2019-11-14;4297;New York, NY;Cleveland, OH;419.0;-6.0;-1.0;;;;;
71;2019-11-14;4299;Bangor, ME;Newark, NJ;393.0;-12.0;-3.0;;;;;
72;2019-11-14;4300;Richmond, VA;Newark, NJ;277.0;-9.0;-22.0;;;;;
73;2019-11-14;4302;New York, NY;Cleveland, OH;419.0;-8.0;-18.0;;;;;
74;2019-11-14;4303;Chicago, IL;Grand Rapids, MI;137.0;2.0;-3.0;;;;;
75;2019-11-14;4306;Houston, TX;Jackson/Vicksburg, MS;351.0;-7.0;-13.0;;;;;
76;2019-11-14;4308;Cleveland, OH;New York, NY;419.0;-4.0;-20.0;;;;;
77;2019-11-14;4309;Mobile, AL;Houston, TX;427.0;-2.0;-13.0;;;;;
78;2019-11-14;4310;Valparaiso, FL;Houston, TX;528.0;-13.0;-25.0;;;;;
79;2019-11-14;4315;Jacksonville, FL;Chicago, IL;864.0;-6.0;-27.0;;;;;
80;2019-11-14;4316;Houston, TX;Lake Charles, LA;127.0;-4.0;-12.0;;;;;
81;2019-11-14;4318;Houston, TX;Harlingen/San Benito, TX;295.0;-5.0;-13.0;;;;;
82;2019-11-14;4319;Peoria, IL;Chicago, IL;130.0;-7.0;-14.0;;;;;
83;2019-11-14;4321;Alexandria, LA;Houston, TX;190.0;-13.0;-33.0;;;;;
84;2019-11-14;4324;Rochester, NY;Newark, NJ;246.0;24.0;14.0;;;;;
85;2019-11-14;4325;Lexington, KY;Chicago, IL;323.0;-1.0;-8.0;;;;;
86;2019-11-14;4326;Savannah, GA;Chicago, IL;773.0;-1.0;-4.0;;;;;
87;2019-11-14;4327;Knoxville, TN;Houston, TX;771.0;-7.0;-17.0;;;;;
88;2019-11-14;4328;Baton Rouge, LA;Houston, TX;253.0;-16.0;-12.0;;;;;
89;2019-11-14;4329;Cleveland, OH;Newark, NJ;404.0;49.0;49.0;1.0;0.0;0.0;0.0;48.0
90;2019-11-14;4330;Brownsville, TX;Houston, TX;308.0;-9.0;-7.0;;;;;
91;2019-11-14;4332;Cleveland, OH;Newark, NJ;404.0;-4.0;-15.0;;;;;
92;2019-11-14;4333;Houston, TX;Springfield, MO;513.0;20.0;13.0;;;;;
93;2019-11-14;4334;Cleveland, OH;Newark, NJ;404.0;-6.0;-19.0;;;;;
94;2019-11-14;4335;Cincinnati, OH;Chicago, IL;264.0;-8.0;-31.0;;;;;
95;2019-11-14;4336;Houston, TX;Jackson/Vicksburg, MS;351.0;-3.0;-6.0;;;;;
96;2019-11-14;4337;St. Louis, MO;Houston, TX;667.0;-2.0;-20.0;;;;;
97;2019-11-14;4338;Newark, NJ;Bangor, ME;393.0;46.0;33.0;0.0;0.0;0.0;0.0;33.0
98;2019-11-14;4340;Tulsa, OK;Houston, TX;429.0;-10.0;-18.0;;;;;
99;2019-11-14;4343;Newark, NJ;Norfolk, VA;284.0;-4.0;-14.0;;;;;
100;2019-11-14;4344;Monroe, LA;Houston, TX;262.0;-10.0;-10.0;;;;;
101;2019-11-14;4345;Providence, RI;Newark, NJ;160.0;-2.0;-10.0;;;;;
102;2019-11-14;4348;Grand Rapids, MI;Newark, NJ;605.0;-5.0;-7.0;;;;;
103;2019-11-14;4349;Nashville, TN;Houston, TX;657.0;-4.0;-21.0;;;;;
104;2019-11-14;4350;Laredo, TX;Houston, TX;301.0;-15.0;-6.0;;;;;
105;2019-11-14;4352;Brownsville, TX;Houston, TX;308.0;-14.0;-15.0;;;;;
106;2019-11-14;4353;Alexandria, LA;Houston, TX;190.0;-13.0;-21.0;;;;;
107;2019-11-14;4355;St. Louis, MO;Newark, NJ;872.0;27.0;57.0;27.0;0.0;30.0;0.0;0.0
108;2019-11-14;4356;Houston, TX;Indianapolis, IN;844.0;-4.0;-12.0;;;;;
109;2019-11-14;4357;Newark, NJ;Buffalo, NY;282.0;-5.0;1.0;;;;;
110;2019-11-14;4358;Houston, TX;Tulsa, OK;429.0;-2.0;3.0;;;;;
111;2019-11-14;4359;Houston, TX;Jackson/Vicksburg, MS;351.0;-5.0;-7.0;;;;;
112;2019-11-14;4360;Newark, NJ;Columbus, OH;463.0;-6.0;15.0;0.0;0.0;15.0;0.0;0.0
113;2019-11-14;4361;Greer, SC;Newark, NJ;594.0;112.0;106.0;106.0;0.0;0.0;0.0;0.0
114;2019-11-14;4363;Shreveport, LA;Houston, TX;192.0;-6.0;-16.0;;;;;
115;2019-11-14;4364;Madison, WI;Newark, NJ;799.0;-1.0;19.0;0.0;0.0;19.0;0.0;0.0
116;2019-11-14;4365;Cleveland, OH;New York, NY;419.0;-7.0;-25.0;;;;;
117;2019-11-14;4367;Newark, NJ;Washington, DC;199.0;-10.0;-13.0;;;;;
118;2019-11-14;4368;St. Louis, MO;Newark, NJ;872.0;-8.0;-7.0;;;;;
119;2019-11-14;4369;Chicago, IL;Colorado Springs, CO;911.0;-6.0;-25.0;;;;;
120;2019-11-14;4370;Tulsa, OK;Chicago, IL;585.0;-9.0;-19.0;;;;;
121;2019-11-14;4373;Houston, TX;Pensacola, FL;489.0;1.0;-1.0;;;;;
122;2019-11-14;4374;Jackson/Vicksburg, MS;Houston, TX;351.0;6.0;-6.0;;;;;
123;2019-11-14;4375;Houston, TX;Huntsville, AL;595.0;-8.0;-13.0;;;;;
124;2019-11-14;4378;Mission/McAllen/Edinburg, TX;Houston, TX;316.0;-12.0;-21.0;;;;;
125;2019-11-14;4380;Newark, NJ;Greensboro/High Point, NC;445.0;-6.0;-7.0;;;;;
126;2019-11-14;4381;Newark, NJ;Madison, WI;799.0;-13.0;-24.0;;;;;
127;2019-11-14;4382;Cincinnati, OH;Chicago, IL;264.0;-11.0;-38.0;;;;;
128;2019-11-14;4384;Houston, TX;Cincinnati, OH;871.0;-4.0;-4.0;;;;;
129;2019-11-14;4385;Houston, TX;Knoxville, TN;771.0;-4.0;-11.0;;;;;
130;2019-11-14;4385;Lake Charles, LA;Houston, TX;127.0;-3.0;-10.0;;;;;
131;2019-11-14;4386;Tulsa, OK;Chicago, IL;585.0;-8.0;-25.0;;;;;
132;2019-11-14;4387;Houston, TX;Brownsville, TX;308.0;-1.0;-2.0;;;;;
133;2019-11-14;4388;Newark, NJ;Syracuse, NY;195.0;-5.0;-1.0;;;;;
134;2019-11-14;4390;Houston, TX;Laredo, TX;301.0;0.0;-3.0;;;;;
135;2019-11-14;4390;Knoxville, TN;Houston, TX;771.0;-11.0;-30.0;;;;;
136;2019-11-14;4392;Laredo, TX;Houston, TX;301.0;-1.0;7.0;;;;;
137;2019-11-14;4393;Houston, TX;Pensacola, FL;489.0;2.0;5.0;;;;;
138;2019-11-14;4394;Newark, NJ;Washington, DC;199.0;-6.0;-10.0;;;;;
139;2019-11-14;4395;Newark, NJ;Portland, ME;284.0;-5.0;-9.0;;;;;
140;2019-11-14;4396;Lafayette, LA;Houston, TX;201.0;-9.0;-9.0;;;;;
141;2019-11-14;4397;Knoxville, TN;Chicago, IL;475.0;-10.0;-8.0;;;;;
142;2019-11-14;4400;Little Rock, AR;Chicago, IL;552.0;8.0;14.0;;;;;
143;2019-11-14;4401;Cincinnati, OH;Houston, TX;871.0;-6.0;-18.0;;;;;
144;2019-11-14;4403;Little Rock, AR;Houston, TX;374.0;-9.0;-25.0;;;;;
145;2019-11-14;4404;Newark, NJ;Knoxville, TN;631.0;-5.0;16.0;0.0;0.0;16.0;0.0;0.0
146;2019-11-14;4405;Baton Rouge, LA;Houston, TX;253.0;5.0;-10.0;;;;;
147;2019-11-14;4408;Houston, TX;Minneapolis, MN;1034.0;-6.0;16.0;0.0;0.0;16.0;0.0;0.0
148;2019-11-14;4411;Houston, TX;Harlingen/San Benito, TX;295.0;-3.0;-16.0;;;;;
149;2019-11-14;4413;Newark, NJ;Grand Rapids, MI;605.0;-5.0;-17.0;;;;;
150;2019-11-14;4414;Newark, NJ;Madison, WI;799.0;-6.0;-13.0;;;;;
151;2019-11-14;4415;Little Rock, AR;Houston, TX;374.0;-12.0;-20.0;;;;;
152;2019-11-14;4418;Houston, TX;Jacksonville, FL;817.0;-7.0;-14.0;;;;;
153;2019-11-14;4420;Houston, TX;Nashville, TN;657.0;-10.0;-6.0;;;;;
154;2019-11-14;4420;Lafayette, LA;Houston, TX;201.0;-7.0;-13.0;;;;;
155;2019-11-14;4421;Newark, NJ;Burlington, VT;266.0;-3.0;-7.0;;;;;
156;2019-11-14;4423;Houston, TX;College Station/Bryan, TX;74.0;-1.0;-3.0;;;;;
157;2019-11-14;4425;Houston, TX;St. Louis, MO;667.0;-3.0;4.0;;;;;
158;2019-11-14;4426;Richmond, VA;Newark, NJ;277.0;-8.0;6.0;;;;;
159;2019-11-14;4427;Houston, TX;Brownsville, TX;308.0;-2.0;-6.0;;;;;
160;2019-11-14;4429;Indianapolis, IN;Newark, NJ;645.0;8.0;-1.0;;;;;
161;2019-11-14;4432;Houston, TX;Baton Rouge, LA;253.0;-5.0;-7.0;;;;;
162;2019-11-14;4433;Houston, TX;Little Rock, AR;374.0;33.0;40.0;33.0;0.0;7.0;0.0;0.0
163;2019-11-14;4434;St. Louis, MO;Newark, NJ;872.0;33.0;23.0;0.0;0.0;0.0;0.0;23.0
164;2019-11-14;4436;Houston, TX;Corpus Christi, TX;201.0;-8.0;-4.0;;;;;
165;2019-11-14;4437;Houston, TX;Gulfport/Biloxi, MS;376.0;0.0;-4.0;;;;;
166;2019-11-14;4441;Chicago, IL;Atlanta, GA;606.0;-7.0;-11.0;;;;;
167;2019-11-14;4444;College Station/Bryan, TX;Houston, TX;74.0;-2.0;7.0;;;;;
168;2019-11-14;4444;Houston, TX;Shreveport, LA;192.0;66.0;56.0;56.0;0.0;0.0;0.0;0.0
169;2019-11-14;4445;Lafayette, LA;Houston, TX;201.0;-4.0;-7.0;;;;;
170;2019-11-14;4446;Houston, TX;Monroe, LA;262.0;-4.0;-4.0;;;;;
171;2019-11-14;4447;Houston, TX;Valparaiso, FL;528.0;-4.0;-8.0;;;;;
172;2019-11-14;4449;Chicago, IL;Buffalo, NY;473.0;73.0;80.0;34.0;0.0;7.0;0.0;39.0
173;2019-11-14;4450;Tulsa, OK;Houston, TX;429.0;-8.0;1.0;;;;;
174;2019-11-14;4451;Gulfport/Biloxi, MS;Houston, TX;376.0;-1.0;-15.0;;;;;
175;2019-11-14;4451;Houston, TX;Alexandria, LA;190.0;-7.0;-16.0;;;;;
176;2019-11-14;4453;Syracuse, NY;Newark, NJ;195.0;1.0;-11.0;;;;;
177;2019-11-14;4454;Huntsville, AL;Houston, TX;595.0;-7.0;-14.0;;;;;
178;2019-11-14;4458;Knoxville, TN;Newark, NJ;631.0;-5.0;3.0;;;;;
179;2019-11-14;4465;Columbus, OH;Newark, NJ;463.0;-3.0;30.0;0.0;0.0;30.0;0.0;0.0
180;2019-11-14;4467;Cleveland, OH;Washington, DC;310.0;-10.0;-6.0;;;;;
181;2019-11-14;4468;New York, NY;Cleveland, OH;419.0;18.0;11.0;;;;;
182;2019-11-14;4469;Detroit, MI;Chicago, IL;235.0;-1.0;-28.0;;;;;
183;2019-11-14;4470;Newark, NJ;Grand Rapids, MI;605.0;6.0;4.0;;;;;
184;2019-11-14;4472;Jacksonville, FL;Newark, NJ;820.0;-1.0;-12.0;;;;;
185;2019-11-14;4473;Houston, TX;Mobile, AL;427.0;-4.0;-7.0;;;;;
186;2019-11-14;4475;Jackson/Vicksburg, MS;Houston, TX;351.0;-5.0;-6.0;;;;;
187;2019-11-14;4488;Houston, TX;Lubbock, TX;458.0;-3.0;-14.0;;;;;
188;2019-11-14;4156;Chicago, IL;Richmond, VA;642.0;2.0;4.0;;;;;
189;2019-11-14;4156;Richmond, VA;Chicago, IL;642.0;7.0;-10.0;;;;;
190;2019-11-14;4157;Chicago, IL;Traverse City, MI;224.0;0.0;-12.0;;;;;
191;2019-11-14;4157;Traverse City, MI;Chicago, IL;224.0;7.0;11.0;;;;;
192;2019-11-14;3301;Dallas/Fort Worth, TX;Mobile, AL;539.0;-4.0;8.0;;;;;
193;2019-11-14;3301;Mobile, AL;Dallas/Fort Worth, TX;539.0;0.0;-11.0;;;;;
194;2019-11-14;3303;Dallas/Fort Worth, TX;Baton Rouge, LA;383.0;5.0;-5.0;;;;;
195;2019-11-14;3304;Baton Rouge, LA;Dallas/Fort Worth, TX;383.0;-5.0;-10.0;;;;;
196;2019-11-14;3305;Baton Rouge, LA;Dallas/Fort Worth, TX;383.0;-6.0;-9.0;;;;;
197;2019-11-14;3306;Dallas/Fort Worth, TX;Shreveport, LA;190.0;-3.0;9.0;;;;;
198;2019-11-14;3307;Chicago, IL;Madison, WI;109.0;15.0;14.0;;;;;
199;2019-11-14;3308;Shreveport, LA;Dallas/Fort Worth, TX;190.0;-7.0;-15.0;;;;;
200;2019-11-14;3309;Chicago, IL;Grand Rapids, MI;137.0;-3.0;15.0;0.0;0.0;15.0;0.0;0.0
201;2019-11-14;3310;Dallas/Fort Worth, TX;Baton Rouge, LA;383.0;-1.0;5.0;;;;;
202;2019-11-14;3311;Abilene, TX;Dallas/Fort Worth, TX;158.0;-11.0;-27.0;;;;;
203;2019-11-14;3311;Dallas/Fort Worth, TX;Abilene, TX;158.0;-5.0;-10.0;;;;;
204;2019-11-14;3314;Birmingham, AL;Dallas/Fort Worth, TX;597.0;-5.0;-17.0;;;;;
205;2019-11-14;3314;Dallas/Fort Worth, TX;Birmingham, AL;597.0;-7.0;-20.0;;;;;
206;2019-11-14;3315;Dallas/Fort Worth, TX;Mobile, AL;539.0;-4.0;-13.0;;;;;
207;2019-11-14;3315;Mobile, AL;Dallas/Fort Worth, TX;539.0;-3.0;-17.0;;;;;
208;2019-11-14;3316;Waco, TX;Dallas/Fort Worth, TX;89.0;-1.0;-8.0;;;;;
209;2019-11-14;3317;Chicago, IL;New Orleans, LA;836.0;91.0;90.0;61.0;0.0;0.0;0.0;29.0
210;2019-11-14;3319;Dallas/Fort Worth, TX;Abilene, TX;158.0;-4.0;-15.0;;;;;
211;2019-11-14;3320;New York, NY;Cincinnati, OH;589.0;10.0;8.0;;;;;
212;2019-11-14;3321;Dallas/Fort Worth, TX;Del Rio, TX;335.0;-1.0;-14.0;;;;;
213;2019-11-14;3322;Del Rio, TX;Dallas/Fort Worth, TX;335.0;-12.0;-24.0;;;;;
214;2019-11-14;3323;Dallas/Fort Worth, TX;Lake Charles, LA;295.0;-5.0;-11.0;;;;;
215;2019-11-14;3323;Lake Charles, LA;Dallas/Fort Worth, TX;295.0;-12.0;-10.0;;;;;
216;2019-11-14;3324;Dallas/Fort Worth, TX;Fayetteville, AR;280.0;-4.0;-2.0;;;;;
217;2019-11-14;3325;Dallas/Fort Worth, TX;Wilmington, NC;1106.0;-6.0;-23.0;;;;;
218;2019-11-14;3326;Dallas/Fort Worth, TX;Fargo, ND;968.0;-6.0;-4.0;;;;;
219;2019-11-14;3328;Chicago, IL;Pittsburgh, PA;413.0;-10.0;-23.0;;;;;
220;2019-11-14;3328;Pittsburgh, PA;Chicago, IL;413.0;-8.0;-17.0;;;;;
221;2019-11-14;3329;New Orleans, LA;Chicago, IL;836.0;10.0;7.0;;;;;
222;2019-11-14;3329;Chicago, IL;New Orleans, LA;836.0;13.0;15.0;0.0;13.0;2.0;0.0;0.0
223;2019-11-14;3330;New Orleans, LA;Chicago, IL;836.0;-6.0;-4.0;;;;;
224;2019-11-14;3331;Miami, FL;Norfolk, VA;802.0;-6.0;-22.0;;;;;
225;2019-11-14;3332;Columbus, OH;Miami, FL;990.0;-10.0;-23.0;;;;;
226;2019-11-14;3332;Miami, FL;Columbus, OH;990.0;-11.0;-27.0;;;;;
227;2019-11-14;3333;Dallas/Fort Worth, TX;Greer, SC;862.0;7.0;-1.0;;;;;
228;2019-11-14;3333;Greer, SC;Dallas/Fort Worth, TX;862.0;-4.0;-29.0;;;;;
229;2019-11-14;3334;Miami, FL;Pittsburgh, PA;1013.0;3.0;-15.0;;;;;
230;2019-11-14;3334;Pittsburgh, PA;Miami, FL;1013.0;-11.0;16.0;0.0;0.0;16.0;0.0;0.0
231;2019-11-14;3335;Greensboro/High Point, NC;New York, NY;461.0;52.0;24.0;22.0;0.0;0.0;0.0;2.0
232;2019-11-14;3336;New York, NY;Indianapolis, IN;665.0;31.0;23.0;0.0;0.0;0.0;0.0;23.0
233;2019-11-14;3337;Chicago, IL;Omaha, NE;416.0;-2.0;-5.0;;;;;
234;2019-11-14;3338;Dallas/Fort Worth, TX;Boise, ID;1272.0;-2.0;-7.0;;;;;
235;2019-11-14;3339;Billings, MT;Dallas/Fort Worth, TX;1081.0;-6.0;-10.0;;;;;
236;2019-11-14;3339;Dallas/Fort Worth, TX;Billings, MT;1081.0;-5.0;-13.0;;;;;
237;2019-11-14;3340;Dallas/Fort Worth, TX;Little Rock, AR;304.0;0.0;-7.0;;;;;
238;2019-11-14;3341;Chicago, IL;Raleigh/Durham, NC;646.0;-3.0;8.0;;;;;
239;2019-11-14;3341;Raleigh/Durham, NC;Chicago, IL;646.0;;;;;;;
240;2019-11-14;3342;Scranton/Wilkes-Barre, PA;Chicago, IL;632.0;-7.0;-37.0;;;;;
241;2019-11-14;3343;Charlotte, NC;Charlottesville, VA;245.0;-6.0;-18.0;;;;;
242;2019-11-14;3344;Dallas/Fort Worth, TX;Fort Smith, AR;227.0;-12.0;-26.0;;;;;
243;2019-11-14;3345;Tulsa, OK;Dallas/Fort Worth, TX;237.0;-3.0;-2.0;;;;;
244;2019-11-14;3346;Abilene, TX;Dallas/Fort Worth, TX;158.0;-3.0;-14.0;;;;;
245;2019-11-14;3347;Chicago, IL;Moline, IL;139.0;-5.0;0.0;;;;;
246;2019-11-14;3348;Chicago, IL;Waterloo, IA;234.0;-1.0;19.0;0.0;0.0;19.0;0.0;0.0
247;2019-11-14;3349;Boise, ID;Dallas/Fort Worth, TX;1272.0;-3.0;6.0;;;;;
248;2019-11-14;3351;Chicago, IL;Sioux City, IA;436.0;-2.0;7.0;;;;;
249;2019-11-14;3352;Buffalo, NY;Chicago, IL;473.0;-4.0;4.0;;;;;
250;2019-11-14;3352;Chicago, IL;Buffalo, NY;473.0;-3.0;-14.0;;;;;
251;2019-11-14;3353;Abilene, TX;Dallas/Fort Worth, TX;158.0;12.0;-1.0;;;;;
252;2019-11-14;3354;Norfolk, VA;New York, NY;296.0;-7.0;-29.0;;;;;
253;2019-11-14;3355;Dallas/Fort Worth, TX;Del Rio, TX;335.0;-6.0;-24.0;;;;;
254;2019-11-14;3355;Del Rio, TX;Dallas/Fort Worth, TX;335.0;-7.0;-10.0;;;;;
255;2019-11-14;3356;Moline, IL;Chicago, IL;139.0;-10.0;-18.0;;;;;
256;2019-11-14;3357;Cincinnati, OH;Dallas/Fort Worth, TX;812.0;-6.0;-27.0;;;;;
257;2019-11-14;3358;Dallas/Fort Worth, TX;Grand Junction, CO;773.0;-5.0;2.0;;;;;
258;2019-11-14;3358;Grand Junction, CO;Dallas/Fort Worth, TX;773.0;-4.0;-15.0;;;;;
259;2019-11-14;3359;Savannah, GA;Miami, FL;440.0;-1.0;-8.0;;;;;
260;2019-11-14;3360;Chicago, IL;Springfield, MO;438.0;33.0;14.0;;;;;
261;2019-11-14;3361;Charlotte, NC;Greensboro/High Point, NC;83.0;10.0;6.0;;;;;
262;2019-11-14;3362;Cedar Rapids/Iowa City, IA;Chicago, IL;196.0;126.0;124.0;124.0;0.0;0.0;0.0;0.0
263;2019-11-14;3362;Chicago, IL;Cedar Rapids/Iowa City, IA;196.0;-8.0;-26.0;;;;;
264;2019-11-14;3363;Boise, ID;Dallas/Fort Worth, TX;1272.0;4.0;9.0;;;;;
265;2019-11-14;3363;Dallas/Fort Worth, TX;Boise, ID;1272.0;1.0;1.0;;;;;
266;2019-11-14;3365;Chicago, IL;Providence, RI;849.0;-3.0;-9.0;;;;;
267;2019-11-14;3366;Corpus Christi, TX;Dallas/Fort Worth, TX;354.0;-2.0;-7.0;;;;;
268;2019-11-14;3367;Miami, FL;Norfolk, VA;802.0;-10.0;-16.0;;;;;
269;2019-11-14;3367;Norfolk, VA;Miami, FL;802.0;-7.0;9.0;;;;;
270;2019-11-14;3369;Kalamazoo, MI;Chicago, IL;122.0;2.0;22.0;0.0;0.0;20.0;0.0;2.0
271;2019-11-14;3369;Chicago, IL;Kalamazoo, MI;122.0;-4.0;6.0;;;;;
272;2019-11-14;3370;Dallas/Fort Worth, TX;Buffalo, NY;1212.0;3.0;7.0;;;;;
273;2019-11-14;3372;Columbus, OH;Chicago, IL;296.0;-5.0;1.0;;;;;
274;2019-11-14;3373;Dallas/Fort Worth, TX;Tyler, TX;102.0;-6.0;0.0;;;;;
275;2019-11-14;3373;Tyler, TX;Dallas/Fort Worth, TX;102.0;-4.0;10.0;;;;;
276;2019-11-14;3375;Miami, FL;Savannah, GA;440.0;39.0;42.0;39.0;0.0;3.0;0.0;0.0
277;2019-11-14;3375;Savannah, GA;Miami, FL;440.0;26.0;28.0;0.0;0.0;2.0;0.0;26.0
278;2019-11-14;3376;Boise, ID;Dallas/Fort Worth, TX;1272.0;-8.0;-12.0;;;;;
279;2019-11-14;3376;Dallas/Fort Worth, TX;Boise, ID;1272.0;-5.0;-23.0;;;;;
280;2019-11-14;3377;Little Rock, AR;Dallas/Fort Worth, TX;304.0;-4.0;-7.0;;;;;
281;2019-11-14;3378;Baton Rouge, LA;Dallas/Fort Worth, TX;383.0;22.0;19.0;0.0;0.0;0.0;0.0;19.0
282;2019-11-14;3378;Dallas/Fort Worth, TX;Baton Rouge, LA;383.0;22.0;22.0;0.0;0.0;0.0;0.0;22.0
283;2019-11-14;3380;Birmingham, AL;Miami, FL;661.0;-2.0;-14.0;;;;;
284;2019-11-14;3382;Miami, FL;Norfolk, VA;802.0;-11.0;-22.0;;;;;
285;2019-11-14;3383;Dallas/Fort Worth, TX;Little Rock, AR;304.0;-4.0;-4.0;;;;;
286;2019-11-14;3384;Dallas/Fort Worth, TX;Fayetteville, AR;280.0;8.0;23.0;8.0;0.0;15.0;0.0;0.0
287;2019-11-14;3387;Mosinee, WI;Chicago, IL;213.0;-9.0;-26.0;;;;;
288;2019-11-14;3387;Chicago, IL;Mosinee, WI;213.0;-8.0;-20.0;;;;;
289;2019-11-14;3388;Little Rock, AR;Chicago, IL;552.0;36.0;33.0;27.0;0.0;0.0;0.0;6.0
290;2019-11-14;3388;Chicago, IL;Little Rock, AR;552.0;-1.0;6.0;;;;;
291;2019-11-14;3389;Cincinnati, OH;Chicago, IL;264.0;-6.0;-16.0;;;;;
292;2019-11-14;3389;Chicago, IL;Cincinnati, OH;264.0;-4.0;-8.0;;;;;
293;2019-11-14;3391;Cleveland, OH;New York, NY;425.0;1.0;0.0;;;;;
294;2019-11-14;3392;Chicago, IL;Norfolk, VA;717.0;-1.0;1.0;;;;;
295;2019-11-14;3393;Miami, FL;Birmingham, AL;661.0;-8.0;-11.0;;;;;
296;2019-11-14;3394;Dallas/Fort Worth, TX;Montgomery, AL;622.0;-2.0;2.0;;;;;
297;2019-11-14;3394;Montgomery, AL;Dallas/Fort Worth, TX;622.0;2.0;-6.0;;;;;
298;2019-11-14;3395;Rochester, MN;Chicago, IL;268.0;1.0;-11.0;;;;;
299;2019-11-14;3396;Cincinnati, OH;Chicago, IL;264.0;-6.0;-13.0;;;;;
300;2019-11-14;3399;Columbus, OH;Chicago, IL;296.0;13.0;-2.0;;;;;
301;2019-11-14;3399;Chicago, IL;Columbus, OH;296.0;10.0;9.0;;;;;
302;2019-11-14;3403;Cleveland, OH;Chicago, IL;315.0;-3.0;4.0;;;;;
303;2019-11-14;3404;Miami, FL;Savannah, GA;440.0;-2.0;6.0;;;;;
304;2019-11-14;3405;Dallas/Fort Worth, TX;Tyler, TX;102.0;24.0;17.0;17.0;0.0;0.0;0.0;0.0
305;2019-11-14;3405;Tyler, TX;Dallas/Fort Worth, TX;102.0;16.0;12.0;;;;;
306;2019-11-14;3406;Mosinee, WI;Chicago, IL;213.0;11.0;13.0;;;;;
307;2019-11-14;3406;Chicago, IL;Mosinee, WI;213.0;-7.0;8.0;;;;;
308;2019-11-14;3407;Greer, SC;Miami, FL;637.0;-9.0;-20.0;;;;;
309;2019-11-14;3407;Miami, FL;Greer, SC;637.0;0.0;-22.0;;;;;
310;2019-11-14;3409;Lansing, MI;Chicago, IL;179.0;32.0;41.0;11.0;0.0;9.0;0.0;21.0
311;2019-11-14;3409;Chicago, IL;Lansing, MI;179.0;3.0;21.0;0.0;2.0;18.0;0.0;1.0
312;2019-11-14;3410;Providence, RI;Chicago, IL;849.0;-8.0;-24.0;;;;;
313;2019-11-14;3411;Miami, FL;Greer, SC;637.0;-3.0;-18.0;;;;;
314;2019-11-14;3413;Dallas/Fort Worth, TX;Little Rock, AR;304.0;-3.0;-3.0;;;;;
315;2019-11-14;3413;Little Rock, AR;Dallas/Fort Worth, TX;304.0;11.0;3.0;;;;;
316;2019-11-14;3414;Detroit, MI;Chicago, IL;235.0;-12.0;-34.0;;;;;
317;2019-11-14;3414;Chicago, IL;Detroit, MI;235.0;10.0;6.0;;;;;
318;2019-11-14;3415;Columbia, MO;Chicago, IL;315.0;21.0;25.0;21.0;0.0;4.0;0.0;0.0
319;2019-11-14;3415;Chicago, IL;Columbia, MO;315.0;-8.0;3.0;;;;;
320;2019-11-14;3418;Fargo, ND;Dallas/Fort Worth, TX;968.0;-4.0;-25.0;;;;;
321;2019-11-14;3419;Little Rock, AR;Dallas/Fort Worth, TX;304.0;-4.0;-3.0;;;;;
322;2019-11-14;3422;Miami, FL;Knoxville, TN;724.0;-5.0;-13.0;;;;;
323;2019-11-14;3422;Knoxville, TN;Miami, FL;724.0;-4.0;-2.0;;;;;
324;2019-11-14;3423;Flint, MI;Chicago, IL;223.0;53.0;45.0;0.0;0.0;0.0;0.0;45.0
325;2019-11-14;3423;Chicago, IL;Flint, MI;223.0;34.0;61.0;2.0;0.0;27.0;0.0;32.0
326;2019-11-14;3424;Cleveland, OH;Chicago, IL;315.0;-8.0;-18.0;;;;;
327;2019-11-14;3424;Chicago, IL;Cleveland, OH;315.0;-6.0;-12.0;;;;;
328;2019-11-14;3425;Dallas/Fort Worth, TX;Mobile, AL;539.0;-8.0;-6.0;;;;;
329;2019-11-14;3425;Mobile, AL;Dallas/Fort Worth, TX;539.0;-9.0;-24.0;;;;;
330;2019-11-14;3426;Louisville, KY;Chicago, IL;286.0;-7.0;-30.0;;;;;
331;2019-11-14;3427;Miami, FL;Pensacola, FL;530.0;0.0;-3.0;;;;;
332;2019-11-14;3427;Pensacola, FL;Miami, FL;530.0;-9.0;-10.0;;;;;
333;2019-11-14;3431;New York, NY;Columbus, OH;479.0;40.0;36.0;17.0;0.0;0.0;0.0;19.0
334;2019-11-14;3437;Waco, TX;Dallas/Fort Worth, TX;89.0;-11.0;-10.0;;;;;
335;2019-11-14;3437;Dallas/Fort Worth, TX;Waco, TX;89.0;0.0;3.0;;;;;
336;2019-11-14;3438;Richmond, VA;Chicago, IL;642.0;-5.0;-1.0;;;;;
337;2019-11-14;3441;Cincinnati, OH;New York, NY;589.0;240.0;241.0;240.0;0.0;1.0;0.0;0.0
338;2019-11-14;3442;Champaign/Urbana, IL;Chicago, IL;135.0;-13.0;-11.0;;;;;
339;2019-11-14;3443;Manhattan/Ft. Riley, KS;Chicago, IL;501.0;-8.0;-21.0;;;;;
340;2019-11-14;3446;Greer, SC;Miami, FL;637.0;22.0;12.0;;;;;
341;2019-11-14;3448;Detroit, MI;Chicago, IL;235.0;-4.0;13.0;;;;;
342;2019-11-14;3449;Dallas/Fort Worth, TX;Champaign/Urbana, IL;692.0;9.0;24.0;9.0;0.0;15.0;0.0;0.0
343;2019-11-14;3450;Chicago, IL;Cincinnati, OH;264.0;-4.0;3.0;;;;;
344;2019-11-14;3452;Kalamazoo, MI;Chicago, IL;122.0;50.0;41.0;25.0;0.0;0.0;0.0;16.0
345;2019-11-14;3452;Chicago, IL;Kalamazoo, MI;122.0;-2.0;20.0;0.0;0.0;20.0;0.0;0.0
346;2019-11-14;3453;Grand Rapids, MI;Chicago, IL;137.0;15.0;11.0;;;;;
347;2019-11-14;3453;Chicago, IL;Grand Rapids, MI;137.0;3.0;5.0;;;;;
348;2019-11-14;3454;Detroit, MI;Chicago, IL;235.0;48.0;41.0;3.0;0.0;0.0;0.0;38.0
349;2019-11-14;3454;Chicago, IL;Detroit, MI;235.0;33.0;48.0;0.0;33.0;15.0;0.0;0.0
350;2019-11-14;3455;Des Moines, IA;Chicago, IL;299.0;-2.0;7.0;;;;;
351;2019-11-14;3455;Chicago, IL;Des Moines, IA;299.0;33.0;32.0;32.0;0.0;0.0;0.0;0.0
352;2019-11-14;3456;Corpus Christi, TX;Dallas/Fort Worth, TX;354.0;-5.0;-16.0;;;;;
353;2019-11-14;3456;Dallas/Fort Worth, TX;Corpus Christi, TX;354.0;-3.0;-5.0;;;;;
354;2019-11-14;3457;Dallas/Fort Worth, TX;Cincinnati, OH;812.0;-4.0;-7.0;;;;;
355;2019-11-14;3458;Dallas/Fort Worth, TX;Little Rock, AR;304.0;-2.0;-13.0;;;;;
356;2019-11-14;3458;Little Rock, AR;Dallas/Fort Worth, TX;304.0;-5.0;-10.0;;;;;
357;2019-11-14;3462;Scranton/Wilkes-Barre, PA;Chicago, IL;632.0;461.0;451.0;32.0;0.0;0.0;0.0;419.0
358;2019-11-14;3462;Chicago, IL;Scranton/Wilkes-Barre, PA;632.0;-3.0;42.0;0.0;0.0;42.0;0.0;0.0
359;2019-11-14;3463;Abilene, TX;Dallas/Fort Worth, TX;158.0;-10.0;-6.0;;;;;
360;2019-11-14;3463;Dallas/Fort Worth, TX;Abilene, TX;158.0;-5.0;-12.0;;;;;
361;2019-11-14;3464;Chicago, IL;Detroit, MI;235.0;2.0;-4.0;;;;;
362;2019-11-14;3465;Dallas/Fort Worth, TX;Killeen, TX;134.0;10.0;17.0;10.0;0.0;7.0;0.0;0.0
363;2019-11-14;3465;Killeen, TX;Dallas/Fort Worth, TX;134.0;8.0;15.0;0.0;0.0;7.0;0.0;8.0
364;2019-11-14;3467;Chicago, IL;Cincinnati, OH;264.0;-2.0;8.0;;;;;
365;2019-11-14;3471;Chicago, IL;Rochester, MN;268.0;-4.0;-1.0;;;;;
366;2019-11-14;3472;Charlotte, NC;Greensboro/High Point, NC;83.0;-5.0;-12.0;;;;;
367;2019-11-14;3472;Greensboro/High Point, NC;Charlotte, NC;83.0;0.0;-7.0;;;;;
368;2019-11-14;3473;New York, NY;Memphis, TN;963.0;121.0;118.0;0.0;0.0;0.0;0.0;118.0
369;2019-11-14;3474;Champaign/Urbana, IL;Chicago, IL;135.0;-2.0;-8.0;;;;;
370;2019-11-14;3474;Chicago, IL;Champaign/Urbana, IL;135.0;16.0;-1.0;;;;;
371;2019-11-14;3476;Columbus, OH;Chicago, IL;296.0;0.0;-24.0;;;;;
372;2019-11-14;3479;Madison, WI;Chicago, IL;109.0;-8.0;-13.0;;;;;
373;2019-11-14;3480;Dallas/Fort Worth, TX;Lexington, KY;785.0;-3.0;8.0;;;;;
374;2019-11-14;3481;Miami, FL;Tallahassee, FL;402.0;-6.0;-13.0;;;;;
375;2019-11-14;3482;Dallas/Fort Worth, TX;San Angelo, TX;229.0;-1.0;9.0;;;;;
376;2019-11-14;3483;Indianapolis, IN;Miami, FL;1020.0;-11.0;-16.0;;;;;
377;2019-11-14;3483;Miami, FL;Indianapolis, IN;1020.0;-8.0;-25.0;;;;;
378;2019-11-14;3484;Charlotte, NC;Flint, MI;555.0;-2.0;-16.0;;;;;
379;2019-11-14;3484;Flint, MI;Charlotte, NC;555.0;-10.0;-31.0;;;;;
380;2019-11-14;3485;Chicago, IL;Columbus, OH;296.0;-3.0;17.0;0.0;0.0;17.0;0.0;0.0
381;2019-11-14;3486;San Angelo, TX;Dallas/Fort Worth, TX;229.0;-4.0;-17.0;;;;;
382;2019-11-14;3487;Lake Charles, LA;Dallas/Fort Worth, TX;295.0;-10.0;-19.0;;;;;
383;2019-11-14;3488;Charlotte, NC;Flint, MI;555.0;-7.0;-17.0;;;;;
384;2019-11-14;3489;Chicago, IL;Harrisburg, PA;594.0;-4.0;3.0;;;;;
385;2019-11-14;3490;Dallas/Fort Worth, TX;Madison, WI;821.0;-2.0;3.0;;;;;
386;2019-11-14;3491;New York, NY;Pittsburgh, PA;335.0;-2.0;-19.0;;;;;
387;2019-11-14;3492;Moline, IL;Chicago, IL;139.0;-5.0;2.0;;;;;
388;2019-11-14;3492;Chicago, IL;Moline, IL;139.0;-6.0;-10.0;;;;;
389;2019-11-14;3493;Charlottesville, VA;New York, NY;305.0;93.0;72.0;5.0;0.0;0.0;0.0;67.0
390;2019-11-14;3494;Washington, DC;Fayetteville, AR;963.0;0.0;-2.0;;;;;
391;2019-11-14;3495;Flint, MI;Charlotte, NC;555.0;-4.0;11.0;;;;;
392;2019-11-14;3496;Beaumont/Port Arthur, TX;Dallas/Fort Worth, TX;270.0;4.0;5.0;;;;;
393;2019-11-14;3496;Dallas/Fort Worth, TX;Beaumont/Port Arthur, TX;270.0;-3.0;13.0;;;;;
394;2019-11-14;3497;Tallahassee, FL;Miami, FL;402.0;-10.0;-20.0;;;;;
395;2019-11-14;3499;Columbus, OH;New York, NY;479.0;150.0;130.0;130.0;0.0;0.0;0.0;0.0
396;2019-11-14;3301;Fayetteville, AR;Atlanta, GA;589.0;-5.0;-17.0;;;;;
397;2019-11-14;3302;New York, NY;Cincinnati, OH;585.0;-4.0;-9.0;;;;;
398;2019-11-14;3303;Norfolk, VA;Boston, MA;468.0;-8.0;-14.0;;;;;
399;2019-11-14;3304;Raleigh/Durham, NC;New York, NY;431.0;-5.0;-19.0;;;;;
400;2019-11-14;3305;Augusta, GA;Atlanta, GA;143.0;136.0;150.0;0.0;0.0;44.0;0.0;106.0
401;2019-11-14;3306;Atlanta, GA;Gainesville, FL;300.0;-14.0;-27.0;;;;;
402;2019-11-14;3307;Greer, SC;New York, NY;610.0;-3.0;-7.0;;;;;
403;2019-11-14;3307;New York, NY;Greer, SC;610.0;-5.0;-9.0;;;;;
404;2019-11-14;3308;New York, NY;Louisville, KY;659.0;-4.0;-13.0;;;;;
405;2019-11-14;3308;Louisville, KY;New York, NY;659.0;-5.0;-24.0;;;;;
406;2019-11-14;3309;Atlanta, GA;Shreveport, LA;551.0;7.0;5.0;;;;;
407;2019-11-14;3310;Minneapolis, MN;Des Moines, IA;232.0;-1.0;-11.0;;;;;
408;2019-11-14;3311;Portland, ME;Detroit, MI;668.0;-15.0;-18.0;;;;;
409;2019-11-14;3312;Atlanta, GA;Jacksonville/Camp Lejeune, NC;399.0;-6.0;-24.0;;;;;
410;2019-11-14;3313;Indianapolis, IN;New York, NY;665.0;-1.0;-14.0;;;;;
411;2019-11-14;3313;New York, NY;Indianapolis, IN;665.0;3.0;-4.0;;;;;
412;2019-11-14;3314;New York, NY;Rochester, NY;254.0;-10.0;-17.0;;;;;
413;2019-11-14;3314;Rochester, NY;New York, NY;254.0;-5.0;-16.0;;;;;
414;2019-11-14;3315;Greensboro/High Point, NC;New York, NY;461.0;10.0;10.0;;;;;
415;2019-11-14;3316;New York, NY;Rochester, NY;264.0;-12.0;-22.0;;;;;
416;2019-11-14;3317;Cincinnati, OH;New York, NY;589.0;-3.0;-11.0;;;;;
417;2019-11-14;3318;Minneapolis, MN;Green Bay, WI;252.0;-5.0;-29.0;;;;;
418;2019-11-14;3319;Atlanta, GA;Fayetteville, AR;589.0;-4.0;-14.0;;;;;
419;2019-11-14;3319;Fayetteville, AR;Atlanta, GA;589.0;-10.0;-13.0;;;;;
420;2019-11-14;3320;Houston, TX;Minneapolis, MN;1034.0;1.0;-11.0;;;;;
421;2019-11-14;3321;Minneapolis, MN;Green Bay, WI;252.0;-6.0;-29.0;;;;;
422;2019-11-14;3322;Tampa, FL;Raleigh/Durham, NC;587.0;-5.0;-18.0;;;;;
423;2019-11-14;3323;Atlanta, GA;Lafayette, LA;503.0;-4.0;-14.0;;;;;
424;2019-11-14;3323;Lafayette, LA;Atlanta, GA;503.0;-7.0;-19.0;;;;;
425;2019-11-14;3325;New York, NY;Kansas City, MO;1107.0;0.0;-10.0;;;;;
426;2019-11-14;3326;Detroit, MI;Appleton, WI;296.0;-5.0;-10.0;;;;;
427;2019-11-14;3327;Baltimore, MD;New York, NY;184.0;-11.0;-20.0;;;;;
428;2019-11-14;3328;Grand Rapids, MI;Minneapolis, MN;408.0;-4.0;6.0;;;;;
429;2019-11-14;3328;Minneapolis, MN;Grand Rapids, MI;408.0;-1.0;-10.0;;;;;
430;2019-11-14;3329;Minneapolis, MN;Pittsburgh, PA;726.0;-1.0;-15.0;;;;;
431;2019-11-14;3329;Pittsburgh, PA;Minneapolis, MN;726.0;-10.0;-29.0;;;;;
432;2019-11-14;3330;Atlanta, GA;Tallahassee, FL;223.0;-14.0;-11.0;;;;;
433;2019-11-14;3331;Chicago, IL;New York, NY;740.0;-5.0;-12.0;;;;;
434;2019-11-14;3332;New York, NY;Pittsburgh, PA;340.0;-12.0;-27.0;;;;;
435;2019-11-14;3333;New York, NY;Savannah, GA;722.0;-4.0;-20.0;;;;;
436;2019-11-14;3333;Savannah, GA;New York, NY;722.0;-3.0;-20.0;;;;;
437;2019-11-14;3335;Atlanta, GA;Rochester, MN;831.0;6.0;-4.0;;;;;
438;2019-11-14;3335;Rochester, MN;Atlanta, GA;831.0;0.0;-6.0;;;;;
439;2019-11-14;3336;New York, NY;Bangor, ME;378.0;-9.0;-27.0;;;;;
440;2019-11-14;3337;Atlanta, GA;Asheville, NC;164.0;0.0;-7.0;;;;;
441;2019-11-14;3337;Asheville, NC;Atlanta, GA;164.0;-3.0;-11.0;;;;;
442;2019-11-14;3338;New York, NY;Portland, ME;269.0;-9.0;-9.0;;;;;
443;2019-11-14;3338;Portland, ME;New York, NY;269.0;-9.0;-19.0;;;;;
444;2019-11-14;3339;Springfield, MO;Atlanta, GA;563.0;-4.0;-24.0;;;;;
445;2019-11-14;3340;New York, NY;Rochester, NY;254.0;-10.0;-37.0;;;;;
446;2019-11-14;3340;Rochester, NY;New York, NY;254.0;-10.0;-21.0;;;;;
447;2019-11-14;3341;Appleton, WI;Detroit, MI;296.0;-11.0;-5.0;;;;;
448;2019-11-14;3342;Atlanta, GA;Columbus, GA;83.0;1.0;1.0;;;;;
449;2019-11-14;3342;Columbus, GA;Atlanta, GA;83.0;-5.0;-16.0;;;;;
450;2019-11-14;3343;Jacksonville/Camp Lejeune, NC;Atlanta, GA;399.0;1.0;13.0;;;;;
451;2019-11-14;3344;Des Moines, IA;Minneapolis, MN;232.0;0.0;-9.0;;;;;
452;2019-11-14;3344;Minneapolis, MN;Des Moines, IA;232.0;-4.0;-5.0;;;;;
453;2019-11-14;3345;Cincinnati, OH;New York, NY;585.0;-3.0;-19.0;;;;;
454;2019-11-14;3345;New York, NY;Cincinnati, OH;585.0;-5.0;-19.0;;;;;
455;2019-11-14;3346;Austin, TX;Raleigh/Durham, NC;1162.0;-9.0;-23.0;;;;;
456;2019-11-14;3347;Tallahassee, FL;Atlanta, GA;223.0;-7.0;-14.0;;;;;
457;2019-11-14;3348;Des Moines, IA;Minneapolis, MN;232.0;-7.0;-12.0;;;;;
458;2019-11-14;3349;New York, NY;Burlington, VT;258.0;-11.0;-38.0;;;;;
459;2019-11-14;3350;Boston, MA;Raleigh/Durham, NC;612.0;-9.0;-8.0;;;;;
460;2019-11-14;3351;New York, NY;Washington, DC;228.0;-7.0;-28.0;;;;;
461;2019-11-14;3352;New York, NY;Fort Myers, FL;1080.0;-10.0;-4.0;;;;;
462;2019-11-14;3352;Fort Myers, FL;New York, NY;1080.0;0.0;-17.0;;;;;
463;2019-11-14;3353;Baltimore, MD;New York, NY;184.0;-5.0;-8.0;;;;;
464;2019-11-14;3354;Detroit, MI;Greer, SC;508.0;-3.0;-16.0;;;;;
465;2019-11-14;3354;Greer, SC;Detroit, MI;508.0;-5.0;-18.0;;;;;
466;2019-11-14;3355;Greensboro/High Point, NC;New York, NY;461.0;-6.0;6.0;;;;;
467;2019-11-14;3356;Detroit, MI;Knoxville, TN;443.0;-1.0;-8.0;;;;;
468;2019-11-14;3356;Knoxville, TN;Detroit, MI;443.0;-8.0;-3.0;;;;;
469;2019-11-14;3357;Atlanta, GA;Columbus, GA;83.0;11.0;2.0;;;;;
470;2019-11-14;3358;Greensboro/High Point, NC;New York, NY;461.0;-1.0;-16.0;;;;;
471;2019-11-14;3358;New York, NY;Greensboro/High Point, NC;461.0;20.0;3.0;;;;;
472;2019-11-14;3359;New York, NY;Memphis, TN;963.0;30.0;27.0;8.0;0.0;0.0;0.0;19.0
473;2019-11-14;3360;Detroit, MI;Knoxville, TN;443.0;-3.0;2.0;;;;;
474;2019-11-14;3360;Knoxville, TN;Detroit, MI;443.0;-5.0;-19.0;;;;;
475;2019-11-14;3361;Charlotte, NC;New York, NY;544.0;22.0;10.0;;;;;
476;2019-11-14;3362;Detroit, MI;Memphis, TN;610.0;-2.0;-9.0;;;;;
477;2019-11-14;3363;Atlanta, GA;Lexington, KY;304.0;-4.0;-13.0;;;;;
478;2019-11-14;3364;New York, NY;Syracuse, NY;209.0;-7.0;-21.0;;;;;
479;2019-11-14;3364;Syracuse, NY;New York, NY;209.0;-9.0;-23.0;;;;;
480;2019-11-14;3365;Raleigh/Durham, NC;New York, NY;427.0;9.0;-20.0;;;;;
481;2019-11-14;3366;New York, NY;Norfolk, VA;296.0;-5.0;-21.0;;;;;
482;2019-11-14;3366;Norfolk, VA;New York, NY;296.0;-15.0;-38.0;;;;;
483;2019-11-14;3367;Dallas/Fort Worth, TX;New York, NY;1391.0;-5.0;-22.0;;;;;
484;2019-11-14;3367;New York, NY;Dallas/Fort Worth, TX;1391.0;6.0;-23.0;;;;;
485;2019-11-14;3368;New York, NY;Richmond, VA;288.0;0.0;-8.0;;;;;
486;2019-11-14;3369;Atlanta, GA;Columbus, GA;83.0;-5.0;8.0;;;;;
487;2019-11-14;3369;Columbus, GA;Atlanta, GA;83.0;7.0;-8.0;;;;;
488;2019-11-14;3370;Atlanta, GA;Charleston/Dunbar, WV;363.0;-2.0;-9.0;;;;;
489;2019-11-14;3370;Charleston/Dunbar, WV;Atlanta, GA;363.0;-9.0;5.0;;;;;
490;2019-11-14;3371;Portland, ME;New York, NY;269.0;23.0;16.0;16.0;0.0;0.0;0.0;0.0
491;2019-11-14;3372;Detroit, MI;Knoxville, TN;443.0;-5.0;-21.0;;;;;
492;2019-11-14;3373;New York, NY;Kansas City, MO;1107.0;2.0;-12.0;;;;;
493;2019-11-14;3373;Kansas City, MO;New York, NY;1107.0;-11.0;-22.0;;;;;
494;2019-11-14;3374;Boston, MA;Buffalo, NY;395.0;-9.0;-22.0;;;;;
495;2019-11-14;3375;Minneapolis, MN;Cincinnati, OH;596.0;-5.0;-15.0;;;;;
496;2019-11-14;3376;Greer, SC;New York, NY;610.0;-5.0;-18.0;;;;;
497;2019-11-14;3376;New York, NY;Greer, SC;610.0;7.0;-5.0;;;;;
498;2019-11-14;3377;Atlanta, GA;Shreveport, LA;551.0;-3.0;13.0;;;;;
499;2019-11-14;3377;Shreveport, LA;Atlanta, GA;551.0;10.0;12.0;;;;;
500;2019-11-14;3378;Minneapolis, MN;Pittsburgh, PA;726.0;-5.0;-25.0;;;;;
501;2019-11-14;3378;Pittsburgh, PA;Minneapolis, MN;726.0;-12.0;-28.0;;;;;
502;2019-11-14;3379;Atlanta, GA;Springfield, MO;563.0;27.0;;;;;;
503;2019-11-14;3379;Springfield, MO;Atlanta, GA;563.0;205.0;195.0;2.0;0.0;0.0;0.0;193.0
504;2019-11-14;3380;New York, NY;Kansas City, MO;1107.0;-12.0;-26.0;;;;;
505;2019-11-14;3380;Kansas City, MO;New York, NY;1107.0;-11.0;-29.0;;;;;
506;2019-11-14;3381;Charlotte, NC;New York, NY;544.0;-8.0;-23.0;;;;;
507;2019-11-14;3382;New York, NY;Raleigh/Durham, NC;431.0;5.0;-20.0;;;;;
508;2019-11-14;3383;Bangor, ME;New York, NY;378.0;-5.0;-16.0;;;;;
509;2019-11-14;3384;Detroit, MI;Harrisburg, PA;371.0;1.0;0.0;;;;;
510;2019-11-14;3384;Harrisburg, PA;Detroit, MI;371.0;-1.0;-4.0;;;;;
511;2019-11-14;3386;New York, NY;Memphis, TN;963.0;-9.0;-20.0;;;;;
512;2019-11-14;3386;Memphis, TN;New York, NY;963.0;-10.0;-22.0;;;;;
513;2019-11-14;3387;Chattanooga, TN;Atlanta, GA;106.0;-5.0;-9.0;;;;;
514;2019-11-14;3388;Atlanta, GA;Lexington, KY;304.0;-5.0;-16.0;;;;;
515;2019-11-14;3389;New York, NY;Norfolk, VA;290.0;-5.0;-9.0;;;;;
516;2019-11-14;3389;Norfolk, VA;New York, NY;290.0;-4.0;-8.0;;;;;
517;2019-11-14;3390;Rochester, NY;New York, NY;254.0;-5.0;9.0;;;;;
518;2019-11-14;3391;New York, NY;Charlotte, NC;544.0;-4.0;-11.0;;;;;
519;2019-11-14;3392;Detroit, MI;Knoxville, TN;443.0;125.0;108.0;108.0;0.0;0.0;0.0;0.0
520;2019-11-14;3393;Richmond, VA;New York, NY;288.0;305.0;274.0;221.0;0.0;0.0;0.0;53.0
521;2019-11-14;3394;Evansville, IN;Atlanta, GA;350.0;-4.0;-14.0;;;;;
522;2019-11-14;3395;New York, NY;Kansas City, MO;1107.0;62.0;77.0;4.0;0.0;15.0;0.0;58.0
523;2019-11-14;3395;Kansas City, MO;New York, NY;1107.0;46.0;32.0;0.0;0.0;0.0;0.0;32.0
524;2019-11-14;3396;New York, NY;Portland, ME;273.0;-5.0;-23.0;;;;;
525;2019-11-14;3396;Portland, ME;New York, NY;273.0;-8.0;-21.0;;;;;
526;2019-11-14;3398;Atlanta, GA;Gainesville, FL;300.0;-5.0;-10.0;;;;;
527;2019-11-14;3398;Gainesville, FL;Atlanta, GA;300.0;-8.0;-21.0;;;;;
528;2019-11-14;3399;Atlanta, GA;Baton Rouge, LA;448.0;-5.0;-14.0;;;;;
529;2019-11-14;3399;Baton Rouge, LA;Atlanta, GA;448.0;-7.0;-18.0;;;;;
530;2019-11-14;3400;New York, NY;Savannah, GA;718.0;25.0;54.0;25.0;0.0;29.0;0.0;0.0
531;2019-11-14;3400;Savannah, GA;New York, NY;718.0;62.0;56.0;7.0;0.0;0.0;0.0;49.0
532;2019-11-14;3401;Madison, WI;Minneapolis, MN;228.0;4.0;-2.0;;;;;
533;2019-11-14;3401;Minneapolis, MN;Madison, WI;228.0;47.0;23.0;23.0;0.0;0.0;0.0;0.0
534;2019-11-14;3402;Atlanta, GA;Jacksonville/Camp Lejeune, NC;399.0;-5.0;0.0;;;;;
535;2019-11-14;3402;Jacksonville/Camp Lejeune, NC;Atlanta, GA;399.0;-3.0;-3.0;;;;;
536;2019-11-14;3404;Cincinnati, OH;New York, NY;585.0;-5.0;-9.0;;;;;
537;2019-11-14;3405;New York, NY;Madison, WI;812.0;-12.0;-34.0;;;;;
538;2019-11-14;3406;Birmingham, AL;New York, NY;866.0;-5.0;-25.0;;;;;
539;2019-11-14;3406;New York, NY;Birmingham, AL;866.0;-2.0;-4.0;;;;;
540;2019-11-14;3408;Atlanta, GA;Moline, IL;633.0;-5.0;-28.0;;;;;
541;2019-11-14;3408;Moline, IL;Atlanta, GA;633.0;-5.0;-25.0;;;;;
542;2019-11-14;3409;Atlanta, GA;Tulsa, OK;674.0;-10.0;-10.0;;;;;
543;2019-11-14;3409;Tulsa, OK;Atlanta, GA;674.0;-11.0;-16.0;;;;;
544;2019-11-14;3410;Norfolk, VA;New York, NY;296.0;-6.0;-14.0;;;;;
545;2019-11-14;3411;Cincinnati, OH;Minneapolis, MN;596.0;0.0;-17.0;;;;;
546;2019-11-14;3412;Cincinnati, OH;New York, NY;585.0;-9.0;-18.0;;;;;
547;2019-11-14;3413;New York, NY;Knoxville, TN;648.0;-6.0;-15.0;;;;;
548;2019-11-14;3414;New York, NY;Madison, WI;812.0;11.0;-12.0;;;;;
549;2019-11-14;3414;Madison, WI;New York, NY;812.0;-13.0;-19.0;;;;;
550;2019-11-14;3415;Detroit, MI;Evansville, IN;363.0;17.0;22.0;0.0;0.0;5.0;0.0;17.0
551;2019-11-14;3416;Cedar Rapids/Iowa City, IA;Atlanta, GA;694.0;-3.0;-9.0;;;;;
552;2019-11-14;3417;Knoxville, TN;Detroit, MI;443.0;-6.0;-3.0;;;;;
553;2019-11-14;3418;Portland, ME;New York, NY;273.0;-1.0;18.0;0.0;0.0;18.0;0.0;0.0
554;2019-11-14;3419;Atlanta, GA;Augusta, GA;143.0;-6.0;-7.0;;;;;
555;2019-11-14;3421;Kansas City, MO;New York, NY;1107.0;0.0;-26.0;;;;;
556;2019-11-14;3422;New York, NY;Portland, ME;273.0;7.0;-3.0;;;;;
557;2019-11-14;3423;Philadelphia, PA;Raleigh/Durham, NC;337.0;-8.0;2.0;;;;;
558;2019-11-14;3424;Atlanta, GA;Shreveport, LA;551.0;-4.0;-18.0;;;;;
559;2019-11-14;3424;Shreveport, LA;Atlanta, GA;551.0;-14.0;-9.0;;;;;
560;2019-11-14;3425;Cincinnati, OH;Houston, TX;871.0;10.0;-8.0;;;;;
561;2019-11-14;3426;Atlanta, GA;Roanoke, VA;357.0;3.0;-12.0;;;;;
562;2019-11-14;3427;Cincinnati, OH;Philadelphia, PA;507.0;-9.0;-18.0;;;;;
563;2019-11-14;3428;New York, NY;Milwaukee, WI;738.0;0.0;-26.0;;;;;
564;2019-11-14;3428;Milwaukee, WI;New York, NY;738.0;-1.0;-19.0;;;;;
565;2019-11-14;3429;Atlanta, GA;Asheville, NC;164.0;32.0;27.0;27.0;0.0;0.0;0.0;0.0
566;2019-11-14;3429;Asheville, NC;Atlanta, GA;164.0;19.0;17.0;0.0;0.0;0.0;0.0;17.0
567;2019-11-14;313;San Diego, CA;Dallas/Fort Worth, TX;1171.0;-1.0;-8.0;;;;;
568;2019-11-14;314;Los Angeles, CA;Miami, FL;2342.0;58.0;48.0;48.0;0.0;0.0;0.0;0.0
569;2019-11-14;315;Dallas/Fort Worth, TX;Detroit, MI;986.0;6.0;2.0;;;;;
570;2019-11-14;315;Detroit, MI;Dallas/Fort Worth, TX;986.0;13.0;-27.0;;;;;
571;2019-11-14;316;Charlotte, NC;Phoenix, AZ;1773.0;25.0;12.0;;;;;
572;2019-11-14;317;Washington, DC;Chicago, IL;612.0;-8.0;-19.0;;;;;
573;2019-11-14;319;Las Vegas, NV;Dallas/Fort Worth, TX;1055.0;-5.0;-21.0;;;;;
574;2019-11-14;320;Dallas/Fort Worth, TX;Norfolk, VA;1212.0;0.0;0.0;;;;;
575;2019-11-14;320;Norfolk, VA;Dallas/Fort Worth, TX;1212.0;4.0;9.0;;;;;
576;2019-11-14;321;New York, NY;Dallas/Fort Worth, TX;1391.0;6.0;13.0;;;;;
577;2019-11-14;322;Miami, FL;Newark, NJ;1085.0;0.0;-16.0;;;;;
578;2019-11-14;323;Washington, DC;Dallas/Fort Worth, TX;1192.0;35.0;23.0;12.0;0.0;0.0;0.0;11.0
579;2019-11-14;323;Dallas/Fort Worth, TX;Washington, DC;1192.0;46.0;53.0;46.0;0.0;7.0;0.0;0.0
580;2019-11-14;324;Washington, DC;Dallas/Fort Worth, TX;1192.0;-1.0;-20.0;;;;;
581;2019-11-14;325;Chicago, IL;New York, NY;733.0;-1.0;0.0;;;;;
582;2019-11-14;326;Miami, FL;Chicago, IL;1197.0;-6.0;-7.0;;;;;
583;2019-11-14;327;New York, NY;Charlotte, NC;541.0;3.0;-10.0;;;;;
584;2019-11-14;328;Chicago, IL;Dallas/Fort Worth, TX;801.0;-5.0;4.0;;;;;
585;2019-11-14;329;Miami, FL;New Orleans, LA;675.0;-2.0;0.0;;;;;
586;2019-11-14;330;Raleigh/Durham, NC;Dallas/Fort Worth, TX;1061.0;-3.0;8.0;;;;;
587;2019-11-14;331;New York, NY;Los Angeles, CA;2475.0;7.0;-9.0;;;;;
588;2019-11-14;332;Miami, FL;New York, NY;1096.0;;;;;;;
589;2019-11-14;333;Dallas/Fort Worth, TX;Atlanta, GA;731.0;-4.0;-15.0;;;;;
590;2019-11-14;334;Dallas/Fort Worth, TX;San Antonio, TX;247.0;3.0;8.0;;;;;
591;2019-11-14;334;San Antonio, TX;Dallas/Fort Worth, TX;247.0;11.0;4.0;;;;;
592;2019-11-14;335;Chicago, IL;Miami, FL;1197.0;0.0;-1.0;;;;;
593;2019-11-14;336;New York, NY;Chicago, IL;733.0;1.0;1.0;;;;;
594;2019-11-14;337;New York, NY;Chicago, IL;733.0;3.0;-27.0;;;;;
595;2019-11-14;337;Chicago, IL;New York, NY;733.0;0.0;-5.0;;;;;
596;2019-11-14;338;Miami, FL;Los Angeles, CA;2342.0;30.0;2.0;;;;;
597;2019-11-14;339;Dallas/Fort Worth, TX;Phoenix, AZ;868.0;-3.0;-13.0;;;;;
598;2019-11-14;340;Los Angeles, CA;Miami, FL;2342.0;-1.0;26.0;0.0;0.0;26.0;0.0;0.0
599;2019-11-14;341;New York, NY;Los Angeles, CA;2475.0;-6.0;-39.0;;;;;
600;2019-11-14;342;Charlotte, NC;Miami, FL;650.0;-6.0;-14.0;;;;;
601;2019-11-14;2450;Minneapolis, MN;Phoenix, AZ;1276.0;33.0;0.0;;;;;
602;2019-11-14;2450;Phoenix, AZ;Minneapolis, MN;1276.0;-4.0;-6.0;;;;;
603;2019-11-14;2451;Dallas/Fort Worth, TX;Wichita, KS;328.0;-2.0;-11.0;;;;;
604;2019-11-14;2452;Los Angeles, CA;Chicago, IL;1744.0;-4.0;8.0;;;;;
605;2019-11-14;2453;Dallas/Fort Worth, TX;Los Angeles, CA;1235.0;-2.0;-7.0;;;;;
606;2019-11-14;2454;Wichita, KS;Dallas/Fort Worth, TX;328.0;-7.0;-11.0;;;;;
607;2019-11-14;2455;Boston, MA;Los Angeles, CA;2611.0;13.0;-27.0;;;;;
608;2019-11-14;2456;Chicago, IL;Las Vegas, NV;1514.0;-6.0;-25.0;;;;;
609;2019-11-14;2457;Miami, FL;Chicago, IL;1197.0;-6.0;-10.0;;;;;
610;2019-11-14;2459;Dallas/Fort Worth, TX;Los Angeles, CA;1235.0;7.0;22.0;7.0;0.0;15.0;0.0;0.0
611;2019-11-14;2459;Los Angeles, CA;Dallas/Fort Worth, TX;1235.0;-3.0;-10.0;;;;;
612;2019-11-14;2460;Dallas/Fort Worth, TX;Los Angeles, CA;1235.0;41.0;59.0;15.0;0.0;18.0;0.0;26.0
613;2019-11-14;2460;Los Angeles, CA;Dallas/Fort Worth, TX;1235.0;26.0;32.0;26.0;0.0;6.0;0.0;0.0
614;2019-11-14;2461;New York, NY;Chicago, IL;733.0;-3.0;-24.0;;;;;
615;2019-11-14;2462;Jacksonville, FL;Chicago, IL;864.0;-5.0;-25.0;;;;;
616;2019-11-14;2463;Albuquerque, NM;Dallas/Fort Worth, TX;569.0;-9.0;-20.0;;;;;
617;2019-11-14;2463;Dallas/Fort Worth, TX;Albuquerque, NM;569.0;2.0;-7.0;;;;;
618;2019-11-14;2464;Chicago, IL;Las Vegas, NV;1514.0;-3.0;-28.0;;;;;
619;2019-11-14;2465;Newark, NJ;Chicago, IL;719.0;-3.0;-31.0;;;;;
620;2019-11-14;2465;Chicago, IL;Newark, NJ;719.0;-8.0;-19.0;;;;;
621;2019-11-14;2466;Kansas City, MO;Charlotte, NC;808.0;-8.0;-24.0;;;;;
622;2019-11-14;2469;Miami, FL;Dallas/Fort Worth, TX;1121.0;34.0;11.0;;;;;
623;2019-11-14;2470;Denver, CO;Chicago, IL;888.0;-2.0;-2.0;;;;;
624;2019-11-14;2470;Chicago, IL;Denver, CO;888.0;-4.0;-29.0;;;;;
625;2019-11-14;2471;Dallas/Fort Worth, TX;Ontario, CA;1188.0;5.0;-17.0;;;;;
626;2019-11-14;2472;Raleigh/Durham, NC;Dallas/Fort Worth, TX;1061.0;6.0;1.0;;;;;
627;2019-11-14;2473;Seattle, WA;Dallas/Fort Worth, TX;1660.0;-5.0;-25.0;;;;;
628;2019-11-14;2474;Dallas/Fort Worth, TX;Fort Myers, FL;1017.0;-3.0;-7.0;;;;;
629;2019-11-14;2475;Miami, FL;Houston, TX;964.0;-8.0;-12.0;;;;;
630;2019-11-14;2477;Charlotte, NC;Baltimore, MD;361.0;1.0;-12.0;;;;;
631;2019-11-14;2479;Tampa, FL;Charlotte, NC;507.0;-8.0;-26.0;;;;;
632;2019-11-14;2480;Cleveland, OH;Dallas/Fort Worth, TX;1021.0;-4.0;-33.0;;;;;
633;2019-11-14;2480;Dallas/Fort Worth, TX;Cleveland, OH;1021.0;0.0;-5.0;;;;;
634;2019-11-14;2481;Dallas/Fort Worth, TX;San Juan, PR;2165.0;-3.0;17.0;0.0;0.0;17.0;0.0;0.0
635;2019-11-14;2483;Dallas/Fort Worth, TX;Tucson, AZ;813.0;-3.0;-20.0;;;;;
636;2019-11-14;2484;Los Angeles, CA;Dallas/Fort Worth, TX;1235.0;4.0;20.0;4.0;0.0;16.0;0.0;0.0
637;2019-11-14;2485;Dallas/Fort Worth, TX;Atlanta, GA;731.0;4.0;23.0;4.0;0.0;19.0;0.0;0.0
638;2019-11-14;2486;Miami, FL;Chicago, IL;1197.0;-6.0;-11.0;;;;;
639;2019-11-14;2487;Chicago, IL;West Palm Beach/Palm Beach, FL;1143.0;-1.0;-10.0;;;;;
640;2019-11-14;2488;Charlotte, NC;Chicago, IL;599.0;-1.0;-14.0;;;;;
641;2019-11-14;2489;Dallas/Fort Worth, TX;Orlando, FL;985.0;-9.0;11.0;;;;;
642;2019-11-14;2489;Orlando, FL;Dallas/Fort Worth, TX;985.0;-9.0;-15.0;;;;;
643;2019-11-14;2490;Phoenix, AZ;Santa Ana, CA;338.0;26.0;14.0;;;;;
644;2019-11-14;1852;San Juan, PR;Charlotte, NC;1475.0;208.0;208.0;208.0;0.0;0.0;0.0;0.0
645;2019-11-14;1853;Boston, MA;Dallas/Fort Worth, TX;1562.0;12.0;13.0;;;;;
646;2019-11-14;1853;Dallas/Fort Worth, TX;Boston, MA;1562.0;20.0;20.0;20.0;0.0;0.0;0.0;0.0
647;2019-11-14;1854;Chicago, IL;Philadelphia, PA;678.0;-1.0;-4.0;;;;;
648;2019-11-14;1855;Charlotte, NC;Washington, DC;331.0;3.0;3.0;;;;;
649;2019-11-14;1856;Dallas/Fort Worth, TX;Fayetteville, AR;280.0;-4.0;-6.0;;;;;
650;2019-11-14;1856;Fayetteville, AR;Dallas/Fort Worth, TX;280.0;-6.0;-17.0;;;;;
651;2019-11-14;1857;Charlotte, NC;Charleston, SC;168.0;2.0;2.0;;;;;
652;2019-11-14;1858;Charlotte, NC;Albany, NY;646.0;10.0;4.0;;;;;
653;2019-11-14;1860;Charlotte, NC;Albany, NY;646.0;-8.0;-14.0;;;;;
654;2019-11-14;1861;Austin, TX;Phoenix, AZ;872.0;-6.0;-14.0;;;;;
655;2019-11-14;1862;Charlotte, NC;New York, NY;544.0;-4.0;-22.0;;;;;
656;2019-11-14;1862;New York, NY;Charlotte, NC;544.0;-7.0;-22.0;;;;;
657;2019-11-14;1863;Spokane, WA;Phoenix, AZ;1020.0;-11.0;-10.0;;;;;
658;2019-11-14;1864;Philadelphia, PA;Fort Lauderdale, FL;992.0;12.0;32.0;12.0;0.0;20.0;0.0;0.0
659;2019-11-14;1865;Washington, DC;Charlotte, NC;331.0;-4.0;-10.0;;;;;
660;2019-11-14;1866;Philadelphia, PA;Atlanta, GA;666.0;-10.0;17.0;0.0;0.0;17.0;0.0;0.0
661;2019-11-14;1867;Sacramento, CA;Phoenix, AZ;647.0;-2.0;-8.0;;;;;
662;2019-11-14;1868;San Francisco, CA;Phoenix, AZ;651.0;-3.0;-16.0;;;;;
663;2019-11-14;1870;Philadelphia, PA;Fort Lauderdale, FL;992.0;-8.0;1.0;;;;;
664;2019-11-14;1871;Los Angeles, CA;Charlotte, NC;2125.0;1.0;23.0;0.0;0.0;23.0;0.0;0.0
665;2019-11-14;1872;Boise, ID;Phoenix, AZ;735.0;0.0;-20.0;;;;;
666;2019-11-14;1874;Philadelphia, PA;Boston, MA;280.0;-8.0;2.0;;;;;
667;2019-11-14;1875;Philadelphia, PA;Tampa, FL;920.0;-4.0;-5.0;;;;;
668;2019-11-14;1875;Tampa, FL;Philadelphia, PA;920.0;13.0;15.0;13.0;0.0;2.0;0.0;0.0
669;2019-11-14;1877;Charlotte, NC;Fort Lauderdale, FL;632.0;-6.0;-1.0;;;;;
670;2019-11-14;1877;Fort Lauderdale, FL;Charlotte, NC;632.0;-4.0;-7.0;;;;;
671;2019-11-14;1878;Harrisburg, PA;Charlotte, NC;413.0;-9.0;-24.0;;;;;
672;2019-11-14;1879;Charlotte, NC;Orlando, FL;468.0;-5.0;-10.0;;;;;
673;2019-11-14;1880;San Francisco, CA;Phoenix, AZ;651.0;-9.0;5.0;;;;;
674;2019-11-14;1882;Charlotte, NC;Richmond, VA;257.0;3.0;2.0;;;;;
675;2019-11-14;1883;Charlotte, NC;Chicago, IL;599.0;0.0;-24.0;;;;;
676;2019-11-14;1884;San Jose, CA;Chicago, IL;1829.0;-8.0;-9.0;;;;;
677;2019-11-14;1885;Phoenix, AZ;Dallas/Fort Worth, TX;868.0;-1.0;-5.0;;;;;
678;2019-11-14;1886;Philadelphia, PA;Las Vegas, NV;2176.0;4.0;-25.0;;;;;
679;2019-11-14;1887;Phoenix, AZ;Dallas/Fort Worth, TX;868.0;-5.0;-2.0;;;;;
680;2019-11-14;1888;Philadelphia, PA;Minneapolis, MN;980.0;-7.0;-26.0;;;;;
681;2019-11-14;1891;Charlotte, NC;Newark, NJ;529.0;59.0;;;;;;
682;2019-11-14;1891;Newark, NJ;Charlotte, NC;529.0;392.0;370.0;0.0;0.0;0.0;0.0;370.0
683;2019-11-14;1892;Phoenix, AZ;Oakland, CA;646.0;-7.0;-13.0;;;;;
684;2019-11-14;1893;Charlotte, NC;New York, NY;544.0;0.0;-12.0;;;;;
685;2019-11-14;1895;Charlotte, NC;Las Vegas, NV;1916.0;2.0;-18.0;;;;;
686;2019-11-14;1895;Las Vegas, NV;Charlotte, NC;1916.0;-4.0;22.0;0.0;0.0;22.0;0.0;0.0
687;2019-11-14;1896;Orlando, FL;Charlotte, NC;468.0;-6.0;1.0;;;;;
688;2019-11-14;1897;Albuquerque, NM;Phoenix, AZ;328.0;-6.0;-7.0;;;;;
689;2019-11-14;1897;Phoenix, AZ;Albuquerque, NM;328.0;-9.0;-7.0;;;;;
690;2019-11-14;1898;Philadelphia, PA;Boston, MA;280.0;23.0;22.0;0.0;0.0;0.0;0.0;22.0
691;2019-11-14;1899;Orlando, FL;Philadelphia, PA;861.0;2.0;-5.0;;;;;
692;2019-11-14;1899;Philadelphia, PA;Orlando, FL;861.0;-4.0;-8.0;;;;;
693;2019-11-14;1902;Boston, MA;Charlotte, NC;728.0;-1.0;-1.0;;;;;
694;2019-11-14;1902;Charlotte, NC;Boston, MA;728.0;-8.0;-23.0;;;;;
695;2019-11-14;1903;Charlotte, NC;Kansas City, MO;808.0;-4.0;-24.0;;;;;
696;2019-11-14;1905;Albany, NY;Charlotte, NC;646.0;-6.0;1.0;;;;;
697;2019-11-14;1905;Charlotte, NC;Albany, NY;646.0;12.0;1.0;;;;;
698;2019-11-14;1906;Charlotte, NC;Kansas City, MO;808.0;3.0;-7.0;;;;;
699;2019-11-14;1908;Las Vegas, NV;Dallas/Fort Worth, TX;1055.0;-3.0;-8.0;;;;;
700;2019-11-14;1909;Charlotte, NC;Richmond, VA;257.0;11.0;23.0;8.0;0.0;12.0;0.0;3.0
701;2019-11-14;1909;Richmond, VA;Charlotte, NC;257.0;31.0;17.0;5.0;0.0;0.0;0.0;12.0
702;2019-11-14;1910;Dallas/Fort Worth, TX;Phoenix, AZ;868.0;0.0;-6.0;;;;;
703;2019-11-14;1911;Richmond, VA;Charlotte, NC;257.0;128.0;144.0;128.0;0.0;16.0;0.0;0.0
704;2019-11-14;1912;Charlotte, NC;Raleigh/Durham, NC;130.0;-7.0;-15.0;;;;;
705;2019-11-14;1912;Raleigh/Durham, NC;Charlotte, NC;130.0;-6.0;-9.0;;;;;
706;2019-11-14;1915;Boston, MA;Charlotte, NC;728.0;0.0;0.0;;;;;
707;2019-11-14;1915;Charlotte, NC;Boston, MA;728.0;-7.0;-27.0;;;;;
708;2019-11-14;1917;Norfolk, VA;Charlotte, NC;290.0;-5.0;18.0;0.0;0.0;18.0;0.0;0.0
709;2019-11-14;1918;Charlotte, NC;Norfolk, VA;290.0;-3.0;-6.0;;;;;
710;2019-11-14;1918;Norfolk, VA;Charlotte, NC;290.0;-9.0;-14.0;;;;;
711;2019-11-14;1919;Philadelphia, PA;Orlando, FL;861.0;2.0;5.0;;;;;
712;2019-11-14;1920;Chicago, IL;Philadelphia, PA;678.0;31.0;35.0;10.0;0.0;4.0;0.0;21.0
713;2019-11-14;1921;Miami, FL;Tampa, FL;204.0;0.0;-5.0;;;;;
714;2019-11-14;1923;Buffalo, NY;Charlotte, NC;546.0;-5.0;17.0;0.0;0.0;17.0;0.0;0.0
715;2019-11-14;1923;Charlotte, NC;Buffalo, NY;546.0;-2.0;-8.0;;;;;
716;2019-11-14;1924;Charlotte, NC;Fort Lauderdale, FL;632.0;40.0;28.0;6.0;0.0;0.0;0.0;22.0
717;2019-11-14;1924;Fort Lauderdale, FL;Charlotte, NC;632.0;30.0;27.0;11.0;0.0;0.0;0.0;16.0
718;2019-11-14;1925;Charlotte, NC;Los Angeles, CA;2125.0;-4.0;-23.0;;;;;
719;2019-11-14;1926;Charlotte, NC;Pittsburgh, PA;366.0;-4.0;-15.0;;;;;
720;2019-11-14;1926;Pittsburgh, PA;Charlotte, NC;366.0;-8.0;-22.0;;;;;
721;2019-11-14;1927;Detroit, MI;Philadelphia, PA;453.0;1.0;43.0;1.0;0.0;42.0;0.0;0.0
722;2019-11-14;1927;Philadelphia, PA;Detroit, MI;453.0;-6.0;-5.0;;;;;
723;2019-11-14;1928;Nashville, TN;Charlotte, NC;328.0;-2.0;3.0;;;;;
724;2019-11-14;1929;Portland, OR;Charlotte, NC;2282.0;-6.0;-6.0;;;;;
725;2019-11-14;1930;Charlotte, NC;New Orleans, LA;651.0;-5.0;-14.0;;;;;
726;2019-11-14;1930;New Orleans, LA;Charlotte, NC;651.0;-4.0;-14.0;;;;;
727;2019-11-14;1932;Charlotte, NC;St. Louis, MO;575.0;-6.0;-14.0;;;;;
728;2019-11-14;1932;St. Louis, MO;Charlotte, NC;575.0;-4.0;-15.0;;;;;
729;2019-11-14;1933;Phoenix, AZ;Chicago, IL;1440.0;-6.0;-4.0;;;;;
730;2019-11-14;1934;New York, NY;Philadelphia, PA;96.0;;;;;;;
731;2019-11-14;1937;Charlotte, NC;Boston, MA;728.0;-3.0;-17.0;;;;;
732;2019-11-14;1938;Charlotte, NC;Norfolk, VA;290.0;-4.0;-13.0;;;;;
733;2019-11-14;1939;Charlotte, NC;Orlando, FL;468.0;25.0;23.0;0.0;0.0;0.0;0.0;23.0
734;2019-11-14;1939;Orlando, FL;Charlotte, NC;468.0;13.0;-4.0;;;;;
735;2019-11-14;1940;Memphis, TN;Dallas/Fort Worth, TX;431.0;-6.0;21.0;0.0;0.0;21.0;0.0;0.0
736;2019-11-14;1941;Philadelphia, PA;Chicago, IL;678.0;0.0;2.0;;;;;
737;2019-11-14;1942;Charlotte, NC;New York, NY;544.0;6.0;-4.0;;;;;
738;2019-11-14;1943;Charlotte, NC;New Orleans, LA;651.0;-6.0;-13.0;;;;;
739;2019-11-14;1944;Charlotte, NC;Jacksonville, FL;328.0;-3.0;4.0;;;;;
740;2019-11-14;1944;Jacksonville, FL;Charlotte, NC;328.0;10.0;0.0;;;;;
741;2019-11-14;1945;Kahului, HI;Phoenix, AZ;2845.0;-7.0;3.0;;;;;
742;2019-11-14;1946;Charlotte, NC;Richmond, VA;257.0;-6.0;-20.0;;;;;
743;2019-11-14;1948;Pittsburgh, PA;Philadelphia, PA;268.0;15.0;26.0;0.0;0.0;11.0;0.0;15.0
744;2019-11-14;1950;Charlotte, NC;West Palm Beach/Palm Beach, FL;590.0;0.0;1.0;;;;;
745;2019-11-14;1983;Miami, FL;Phoenix, AZ;1972.0;21.0;1.0;;;;;
746;2019-11-14;1952;Charlotte, NC;Los Angeles, CA;2125.0;2.0;-18.0;;;;;
747;2019-11-14;1954;Seattle, WA;Charlotte, NC;2279.0;-3.0;7.0;;;;;
748;2019-11-14;1956;San Francisco, CA;Charlotte, NC;2296.0;0.0;2.0;;;;;
749;2019-11-14;1957;Charlotte, NC;Denver, CO;1337.0;-7.0;-30.0;;;;;
750;2019-11-14;1957;Denver, CO;Charlotte, NC;1337.0;-12.0;-15.0;;;;;
751;2019-11-14;1958;Columbus, OH;Phoenix, AZ;1670.0;-1.0;-25.0;;;;;
752;2019-11-14;1959;Des Moines, IA;Phoenix, AZ;1149.0;16.0;-2.0;;;;;
753;2019-11-14;1959;Phoenix, AZ;Des Moines, IA;1149.0;-8.0;-9.0;;;;;
754;2019-11-14;1960;San Francisco, CA;Charlotte, NC;2296.0;-10.0;-24.0;;;;;
755;2019-11-14;1961;Austin, TX;Charlotte, NC;1032.0;-7.0;-15.0;;;;;
756;2019-11-14;1961;Charlotte, NC;Austin, TX;1032.0;-4.0;-5.0;;;;;
757;2019-11-14;1962;Charlotte, NC;Pittsburgh, PA;366.0;-3.0;-9.0;;;;;
758;2019-11-14;1964;Charlotte, NC;Memphis, TN;511.0;-8.0;-13.0;;;;;
759;2019-11-14;1966;Dallas/Fort Worth, TX;Phoenix, AZ;868.0;57.0;41.0;6.0;0.0;0.0;0.0;35.0
760;2019-11-14;1967;Boston, MA;Phoenix, AZ;2300.0;35.0;-5.0;;;;;
761;2019-11-14;1968;Phoenix, AZ;Miami, FL;1972.0;-3.0;10.0;;;;;
762;2019-11-14;1969;Chicago, IL;Phoenix, AZ;1440.0;6.0;-19.0;;;;;
763;2019-11-14;1970;Philadelphia, PA;Phoenix, AZ;2075.0;27.0;17.0;8.0;0.0;0.0;0.0;9.0
764;2019-11-14;1971;Phoenix, AZ;Chicago, IL;1440.0;-1.0;-3.0;;;;;
765;2019-11-14;1972;Boston, MA;Philadelphia, PA;280.0;-1.0;-14.0;;;;;
766;2019-11-14;1972;Philadelphia, PA;Boston, MA;280.0;30.0;11.0;;;;;
767;2019-11-14;1973;Jacksonville, FL;Charlotte, NC;328.0;-8.0;-22.0;;;;;
768;2019-11-14;1975;Hartford, CT;Charlotte, NC;644.0;-5.0;-23.0;;;;;
769;2019-11-14;1976;Charlotte, NC;Syracuse, NY;603.0;-5.0;-16.0;;;;;
770;2019-11-14;1978;Charlotte, NC;Boston, MA;728.0;0.0;-12.0;;;;;
771;2019-11-14;1979;Dallas/Fort Worth, TX;Charlotte, NC;936.0;-1.0;14.0;;;;;
772;2019-11-14;1980;Atlanta, GA;Philadelphia, PA;666.0;-8.0;-36.0;;;;;
773;2019-11-14;1981;Charlotte, NC;Providence, RI;683.0;-5.0;-13.0;;;;;
774;2019-11-14;1981;Providence, RI;Charlotte, NC;683.0;-7.0;-15.0;;;;;
775;2019-11-14;1982;Fort Lauderdale, FL;Charlotte, NC;632.0;-4.0;-10.0;;;;;
776;2019-11-14;1985;Miami, FL;Washington, DC;919.0;22.0;15.0;15.0;0.0;0.0;0.0;0.0
777;2019-11-14;1988;Charlotte, NC;San Antonio, TX;1095.0;-7.0;-1.0;;;;;
778;2019-11-14;1989;Washington, DC;Miami, FL;919.0;3.0;-3.0;;;;;
779;2019-11-14;1989;Miami, FL;Washington, DC;919.0;-4.0;-9.0;;;;;
780;2019-11-14;1991;Atlanta, GA;Philadelphia, PA;666.0;-4.0;-23.0;;;;;
781;2019-11-14;1992;Phoenix, AZ;Boise, ID;735.0;-4.0;-17.0;;;;;
782;2019-11-14;1993;Philadelphia, PA;Orlando, FL;861.0;126.0;131.0;0.0;0.0;5.0;0.0;126.0
783;2019-11-14;1994;Atlanta, GA;Charlotte, NC;226.0;-6.0;-21.0;;;;;
784;2019-11-14;1995;Orlando, FL;Phoenix, AZ;1849.0;-4.0;-21.0;;;;;
785;2019-11-14;1996;Dallas/Fort Worth, TX;Memphis, TN;431.0;27.0;25.0;25.0;0.0;0.0;0.0;0.0
786;2019-11-14;1997;Philadelphia, PA;Los Angeles, CA;2402.0;-2.0;-2.0;;;;;
787;2019-11-14;1998;Charlotte, NC;Detroit, MI;500.0;-6.0;-20.0;;;;;
788;2019-11-14;1998;Detroit, MI;Charlotte, NC;500.0;-8.0;-23.0;;;;;
789;2019-11-14;1999;Charlotte, NC;Wilmington, NC;185.0;-5.0;-5.0;;;;;
790;2019-11-14;2001;Charlotte, NC;Tampa, FL;507.0;8.0;8.0;;;;;
791;2019-11-14;2001;Tampa, FL;Charlotte, NC;507.0;14.0;0.0;;;;;
792;2019-11-14;4753;Philadelphia, PA;Rochester, NY;257.0;-7.0;-1.0;;;;;
793;2019-11-14;4754;Scranton/Wilkes-Barre, PA;Philadelphia, PA;104.0;-8.0;-10.0;;;;;
794;2019-11-14;4754;Philadelphia, PA;Scranton/Wilkes-Barre, PA;104.0;-6.0;-12.0;;;;;
795;2019-11-14;4756;Charlotte, NC;Jackson/Vicksburg, MS;562.0;55.0;60.0;55.0;0.0;5.0;0.0;0.0
796;2019-11-14;4756;Jackson/Vicksburg, MS;Charlotte, NC;562.0;61.0;59.0;1.0;0.0;0.0;0.0;58.0
797;2019-11-14;4775;Charlotte, NC;Evansville, IN;414.0;-5.0;-5.0;;;;;
798;2019-11-14;4776;Salisbury, MD;Philadelphia, PA;107.0;-8.0;-21.0;;;;;
799;2019-11-14;4777;Philadelphia, PA;State College, PA;153.0;-14.0;-18.0;;;;;
800;2019-11-14;4777;State College, PA;Philadelphia, PA;153.0;-9.0;-16.0;;;;;
801;2019-11-14;4778;Philadelphia, PA;Salisbury, MD;107.0;-7.0;-10.0;;;;;
802;2019-11-14;4779;Philadelphia, PA;Lexington, KY;520.0;-14.0;-13.0;;;;;
803;2019-11-14;4780;Philadelphia, PA;Salisbury, MD;107.0;-1.0;-3.0;;;;;
804;2019-11-14;4780;Salisbury, MD;Philadelphia, PA;107.0;-7.0;-1.0;;;;;
805;2019-11-14;4781;Philadelphia, PA;Rochester, NY;257.0;-13.0;-16.0;;;;;
806;2019-11-14;4782;Washington, DC;Rochester, NY;296.0;-13.0;-16.0;;;;;
807;2019-11-14;4783;Roanoke, VA;Charlotte, NC;155.0;-12.0;-17.0;;;;;
808;2019-11-14;4784;Columbia, SC;Philadelphia, PA;523.0;3.0;0.0;;;;;
809;2019-11-14;4784;Philadelphia, PA;Columbia, SC;523.0;31.0;24.0;0.0;0.0;0.0;0.0;24.0
810;2019-11-14;4785;Bangor, ME;Philadelphia, PA;473.0;-10.0;-12.0;;;;;
811;2019-11-14;4785;Philadelphia, PA;Bangor, ME;473.0;-6.0;-12.0;;;;;
812;2019-11-14;4786;Greenville, NC;Charlotte, NC;203.0;80.0;63.0;63.0;0.0;0.0;0.0;0.0
813;2019-11-14;4787;Wilmington, NC;Philadelphia, PA;413.0;-8.0;-15.0;;;;;
814;2019-11-14;4788;Philadelphia, PA;Knoxville, TN;554.0;-5.0;-4.0;;;;;
815;2019-11-14;4788;Knoxville, TN;Philadelphia, PA;554.0;-4.0;-6.0;;;;;
816;2019-11-14;4790;Philadelphia, PA;Scranton/Wilkes-Barre, PA;104.0;-4.0;2.0;;;;;
817;2019-11-14;4791;Mobile, AL;Charlotte, NC;526.0;-8.0;-4.0;;;;;
818;2019-11-14;4792;Manchester, NH;Philadelphia, PA;289.0;-11.0;-21.0;;;;;
819;2019-11-14;4792;Philadelphia, PA;Manchester, NH;289.0;-10.0;-21.0;;;;;
820;2019-11-14;4793;Charlotte, NC;Mobile, AL;526.0;-3.0;8.0;;;;;
821;2019-11-14;4794;Harrisburg, PA;Philadelphia, PA;84.0;-2.0;-5.0;;;;;
822;2019-11-14;4794;Philadelphia, PA;Harrisburg, PA;84.0;-4.0;-3.0;;;;;
823;2019-11-14;4795;Charlotte, NC;Salisbury, MD;371.0;-6.0;-7.0;;;;;
824;2019-11-14;4796;Philadelphia, PA;Newburgh/Poughkeepsie, NY;127.0;-2.0;-4.0;;;;;
825;2019-11-14;4796;Newburgh/Poughkeepsie, NY;Philadelphia, PA;127.0;85.0;78.0;78.0;0.0;0.0;0.0;0.0
826;2019-11-14;4797;Columbia, SC;Philadelphia, PA;523.0;-1.0;-2.0;;;;;
827;2019-11-14;4798;Philadelphia, PA;Manchester, NH;289.0;-8.0;-1.0;;;;;
828;2019-11-14;4799;Philadelphia, PA;Milwaukee, WI;690.0;-9.0;15.0;0.0;0.0;15.0;0.0;0.0
829;2019-11-14;4800;Greensboro/High Point, NC;Philadelphia, PA;365.0;-9.0;-15.0;;;;;
830;2019-11-14;4800;Philadelphia, PA;Greensboro/High Point, NC;365.0;-4.0;-5.0;;;;;
831;2019-11-14;4801;Wilmington, NC;Philadelphia, PA;413.0;-8.0;-13.0;;;;;
832;2019-11-14;4801;Philadelphia, PA;Wilmington, NC;413.0;-9.0;-14.0;;;;;
833;2019-11-14;4802;Richmond, VA;Philadelphia, PA;198.0;23.0;12.0;;;;;
834;2019-11-14;4803;Charlotte, NC;Roanoke, VA;155.0;0.0;3.0;;;;;
835;2019-11-14;4803;Roanoke, VA;Charlotte, NC;155.0;4.0;-11.0;;;;;
836;2019-11-14;4804;Philadelphia, PA;Wilmington, NC;413.0;-3.0;-3.0;;;;;
837;2019-11-14;4805;Philadelphia, PA;Salisbury, MD;107.0;-5.0;-2.0;;;;;
838;2019-11-14;4806;Charlotte, NC;Lynchburg, VA;175.0;9.0;16.0;0.0;0.0;7.0;0.0;9.0
839;2019-11-14;4806;Lynchburg, VA;Charlotte, NC;175.0;16.0;16.0;0.0;0.0;0.0;0.0;16.0
840;2019-11-14;4807;Philadelphia, PA;Salisbury, MD;107.0;-5.0;34.0;0.0;0.0;34.0;0.0;0.0
841;2019-11-14;4808;Roanoke, VA;Charlotte, NC;155.0;-2.0;-8.0;;;;;
842;2019-11-14;4809;Philadelphia, PA;Watertown, NY;287.0;-7.0;-7.0;;;;;
843;2019-11-14;4811;Charlottesville, VA;Charlotte, NC;245.0;-6.0;-23.0;;;;;
844;2019-11-14;4812;Burlington, VT;Philadelphia, PA;335.0;-9.0;-16.0;;;;;
845;2019-11-14;4812;Philadelphia, PA;Burlington, VT;335.0;-5.0;-7.0;;;;;
846;2019-11-14;4813;Philadelphia, PA;Richmond, VA;198.0;0.0;8.0;;;;;
847;2019-11-14;4813;Richmond, VA;Philadelphia, PA;198.0;3.0;1.0;;;;;
848;2019-11-14;4814;Mobile, AL;Charlotte, NC;526.0;-6.0;-12.0;;;;;
849;2019-11-14;4815;Rochester, NY;Philadelphia, PA;257.0;-10.0;3.0;;;;;
850;2019-11-14;4816;Charlotte, NC;Evansville, IN;414.0;-7.0;2.0;;;;;
851;2019-11-14;4816;Evansville, IN;Charlotte, NC;414.0;-2.0;-13.0;;;;;
852;2019-11-14;4817;Rochester, NY;Washington, DC;296.0;-7.0;-18.0;;;;;
853;2019-11-14;4818;Boston, MA;Rochester, NY;343.0;-8.0;-11.0;;;;;
854;2019-11-14;4818;Rochester, NY;Boston, MA;343.0;-11.0;-27.0;;;;;
855;2019-11-14;4819;Charlotte, NC;Harrisburg, PA;413.0;-7.0;-23.0;;;;;
856;2019-11-14;4820;Philadelphia, PA;Portland, ME;364.0;-2.0;-11.0;;;;;
857;2019-11-14;4820;Portland, ME;Philadelphia, PA;364.0;-10.0;-3.0;;;;;
858;2019-11-14;4821;Greensboro/High Point, NC;Philadelphia, PA;365.0;-4.0;12.0;;;;;
859;2019-11-14;4822;Newport News/Williamsburg, VA;Philadelphia, PA;201.0;-10.0;-18.0;;;;;
860;2019-11-14;4822;Philadelphia, PA;Newport News/Williamsburg, VA;201.0;-8.0;-6.0;;;;;
861;2019-11-14;4823;Philadelphia, PA;Albany, NY;212.0;-9.0;3.0;;;;;
862;2019-11-14;4825;Manchester, NH;Philadelphia, PA;289.0;-7.0;1.0;;;;;
863;2019-11-14;4827;Charlotte, NC;Roanoke, VA;155.0;-6.0;-13.0;;;;;
864;2019-11-14;4827;Roanoke, VA;Charlotte, NC;155.0;-5.0;2.0;;;;;
865;2019-11-14;4828;Charlotte, NC;Roanoke, VA;155.0;75.0;74.0;0.0;0.0;0.0;0.0;74.0
866;2019-11-14;4828;Roanoke, VA;Charlotte, NC;155.0;70.0;53.0;0.0;0.0;0.0;0.0;53.0
867;2019-11-14;4829;Albany, NY;Philadelphia, PA;212.0;-12.0;-27.0;;;;;
868;2019-11-14;4829;Philadelphia, PA;Albany, NY;212.0;-5.0;-8.0;;;;;
869;2019-11-14;4833;Islip, NY;Philadelphia, PA;130.0;-1.0;-7.0;;;;;
870;2019-11-14;4833;Philadelphia, PA;Islip, NY;130.0;-6.0;-9.0;;;;;
871;2019-11-14;4834;Harrisburg, PA;Philadelphia, PA;84.0;-9.0;-21.0;;;;;
872;2019-11-14;4834;Philadelphia, PA;Harrisburg, PA;84.0;-5.0;-12.0;;;;;
873;2019-11-14;4835;Philadelphia, PA;Newburgh/Poughkeepsie, NY;127.0;-6.0;-8.0;;;;;
874;2019-11-14;4835;Newburgh/Poughkeepsie, NY;Philadelphia, PA;127.0;-11.0;-16.0;;;;;
875;2019-11-14;4836;Philadelphia, PA;Albany, NY;212.0;-6.0;-10.0;;;;;
876;2019-11-14;4837;Hartford, CT;Philadelphia, PA;196.0;-10.0;-6.0;;;;;
877;2019-11-14;4837;Philadelphia, PA;Hartford, CT;196.0;-11.0;-22.0;;;;;
878;2019-11-14;4838;Hartford, CT;Philadelphia, PA;196.0;-9.0;-8.0;;;;;
879;2019-11-14;4838;Philadelphia, PA;Hartford, CT;196.0;-2.0;-4.0;;;;;
880;2019-11-14;4839;Charlotte, NC;Montgomery, AL;372.0;-5.0;-11.0;;;;;
881;2019-11-14;4839;Montgomery, AL;Charlotte, NC;372.0;-11.0;-12.0;;;;;
882;2019-11-14;4840;Wilmington, NC;Philadelphia, PA;413.0;-10.0;-15.0;;;;;
883;2019-11-14;4840;Philadelphia, PA;Wilmington, NC;413.0;-6.0;-17.0;;;;;
884;2019-11-14;4841;Manchester, NH;Philadelphia, PA;289.0;-7.0;-17.0;;;;;
885;2019-11-14;4841;Philadelphia, PA;Manchester, NH;289.0;-7.0;-15.0;;;;;
886;2019-11-14;4842;Philadelphia, PA;Harrisburg, PA;84.0;24.0;41.0;0.0;0.0;17.0;0.0;24.0
887;2019-11-14;4844;Rochester, NY;Boston, MA;343.0;-1.0;-8.0;;;;;
888;2019-11-14;4846;Philadelphia, PA;Roanoke, VA;311.0;-9.0;-18.0;;;;;
889;2019-11-14;4846;Roanoke, VA;Philadelphia, PA;311.0;-10.0;-4.0;;;;;
890;2019-11-14;4847;Columbia, SC;Charlotte, NC;88.0;;;;;;;
891;2019-11-14;4847;Charlotte, NC;Columbia, SC;88.0;147.0;140.0;140.0;0.0;0.0;0.0;0.0
892;2019-11-14;4848;Charlotte, NC;Lynchburg, VA;175.0;-4.0;12.0;;;;;
893;2019-11-14;4848;Lynchburg, VA;Charlotte, NC;175.0;11.0;26.0;0.0;0.0;15.0;0.0;11.0
894;2019-11-14;4850;Philadelphia, PA;Syracuse, NY;228.0;52.0;48.0;0.0;0.0;0.0;0.0;48.0
895;2019-11-14;4850;Syracuse, NY;Philadelphia, PA;228.0;58.0;40.0;8.0;0.0;0.0;0.0;32.0
896;2019-11-14;4851;Salisbury, MD;Philadelphia, PA;107.0;-10.0;-3.0;;;;;
897;2019-11-14;4852;State College, PA;Philadelphia, PA;153.0;-8.0;-12.0;;;;;
898;2019-11-14;4853;Columbia, SC;Charlotte, NC;88.0;;;;;;;
899;2019-11-14;4853;Charlotte, NC;Columbia, SC;88.0;105.0;;;;;;
900;2019-11-14;4855;Charleston, SC;Washington, DC;444.0;16.0;21.0;15.0;0.0;5.0;0.0;1.0
901;2019-11-14;4856;Columbia, SC;Charlotte, NC;88.0;-7.0;-12.0;;;;;
902;2019-11-14;4856;Charlotte, NC;Columbia, SC;88.0;-7.0;-11.0;;;;;
903;2019-11-14;4857;Washington, DC;Manchester, NH;406.0;-6.0;-23.0;;;;;
904;2019-11-14;4857;Manchester, NH;Washington, DC;406.0;-12.0;-17.0;;;;;
905;2019-11-14;4858;Harrisburg, PA;Philadelphia, PA;84.0;-8.0;-12.0;;;;;
906;2019-11-14;4859;Charlotte, NC;Ashland, WV;235.0;-5.0;-10.0;;;;;
907;2019-11-14;4860;Philadelphia, PA;Syracuse, NY;228.0;-5.0;-13.0;;;;;
908;2019-11-14;4861;Baltimore, MD;Philadelphia, PA;90.0;-11.0;-13.0;;;;;
909;2019-11-14;4861;Philadelphia, PA;Baltimore, MD;90.0;-5.0;-20.0;;;;;
910;2019-11-14;4862;Charlotte, NC;Bristol/Johnson City/Kingsport, TN;119.0;-9.0;-3.0;;;;;
911;2019-11-14;4862;Bristol/Johnson City/Kingsport, TN;Charlotte, NC;119.0;2.0;7.0;;;;;
912;2019-11-14;4863;Philadelphia, PA;Richmond, VA;198.0;-10.0;-13.0;;;;;
913;2019-11-14;4863;Richmond, VA;Philadelphia, PA;198.0;-6.0;-5.0;;;;;
914;2019-11-14;4865;Evansville, IN;Charlotte, NC;414.0;-8.0;-8.0;;;;;
915;2019-11-14;4866;Charlottesville, VA;Philadelphia, PA;210.0;-8.0;0.0;;;;;
916;2019-11-14;4867;Philadelphia, PA;Portland, ME;364.0;-3.0;-8.0;;;;;
917;2019-11-14;1524;Newark, NJ;Tampa, FL;997.0;-7.0;3.0;;;;;
918;2019-11-14;4867;Portland, ME;Philadelphia, PA;364.0;-7.0;-3.0;;;;;
919;2019-11-14;4868;Lexington, KY;Charlotte, NC;281.0;-2.0;-16.0;;;;;
920;2019-11-14;4869;Wilmington, NC;Philadelphia, PA;413.0;-5.0;0.0;;;;;
921;2019-11-14;4869;Philadelphia, PA;Wilmington, NC;413.0;-8.0;-9.0;;;;;
922;2019-11-14;4870;Worcester, MA;Philadelphia, PA;241.0;-16.0;-19.0;;;;;
923;2019-11-14;4870;Philadelphia, PA;Worcester, MA;241.0;-11.0;-18.0;;;;;
924;2019-11-14;4871;Bangor, ME;Philadelphia, PA;473.0;-7.0;-3.0;;;;;
925;2019-11-14;4871;Philadelphia, PA;Bangor, ME;473.0;-12.0;-27.0;;;;;
926;2019-11-14;4872;Washington, DC;Charleston, SC;444.0;-10.0;3.0;;;;;
927;2019-11-14;4873;Roanoke, VA;Philadelphia, PA;311.0;-10.0;-25.0;;;;;
928;2019-11-14;4874;Charlotte, NC;Roanoke, VA;155.0;2.0;-5.0;;;;;
929;2019-11-14;4874;Roanoke, VA;Charlotte, NC;155.0;6.0;-10.0;;;;;
930;2019-11-14;4875;Allentown/Bethlehem/Easton, PA;Philadelphia, PA;55.0;-10.0;-14.0;;;;;
931;2019-11-14;4876;Harrisburg, PA;Charlotte, NC;413.0;-3.0;-7.0;;;;;
932;2019-11-14;4877;Philadelphia, PA;Harrisburg, PA;84.0;-8.0;-12.0;;;;;
933;2019-11-14;4878;Philadelphia, PA;Richmond, VA;198.0;-10.0;-2.0;;;;;
934;2019-11-14;4879;Buffalo, NY;Philadelphia, PA;279.0;-6.0;-2.0;;;;;
935;2019-11-14;4879;Philadelphia, PA;Buffalo, NY;279.0;-6.0;-16.0;;;;;
936;2019-11-14;4880;Bristol/Johnson City/Kingsport, TN;Charlotte, NC;119.0;-13.0;-13.0;;;;;
937;2019-11-14;4881;Albany, NY;Washington, DC;318.0;-7.0;-30.0;;;;;
938;2019-11-14;4882;Birmingham, AL;Philadelphia, PA;772.0;37.0;29.0;10.0;0.0;0.0;0.0;19.0
939;2019-11-14;4882;Philadelphia, PA;Birmingham, AL;772.0;0.0;24.0;0.0;0.0;24.0;0.0;0.0
940;2019-11-14;4883;Milwaukee, WI;Philadelphia, PA;690.0;-11.0;-24.0;;;;;
941;2019-11-14;4883;Philadelphia, PA;Milwaukee, WI;690.0;-9.0;-25.0;;;;;
942;2019-11-14;4884;Philadelphia, PA;Rochester, NY;257.0;0.0;-1.0;;;;;
943;2019-11-14;4884;Rochester, NY;Philadelphia, PA;257.0;-1.0;-9.0;;;;;
944;2019-11-14;4885;Philadelphia, PA;Columbia, SC;523.0;-8.0;1.0;;;;;
945;2019-11-14;4886;Philadelphia, PA;Charlottesville, VA;210.0;-6.0;-9.0;;;;;
946;2019-11-14;4888;Salisbury, MD;Charlotte, NC;371.0;-10.0;1.0;;;;;
947;2019-11-14;4889;Harrisburg, PA;Charlotte, NC;413.0;-6.0;-2.0;;;;;
948;2019-11-14;4890;Charlotte, NC;Lexington, KY;281.0;-6.0;-10.0;;;;;
949;2019-11-14;4891;Baltimore, MD;Philadelphia, PA;90.0;-8.0;-14.0;;;;;
950;2019-11-14;4891;Philadelphia, PA;Baltimore, MD;90.0;-3.0;-8.0;;;;;
951;2019-11-14;4892;Washington, DC;Albany, NY;318.0;-6.0;-9.0;;;;;
952;2019-11-14;4893;Boston, MA;Harrisburg, PA;335.0;-9.0;-8.0;;;;;
953;2019-11-14;4893;Harrisburg, PA;Boston, MA;335.0;-11.0;-23.0;;;;;
954;2019-11-14;4894;Syracuse, NY;Philadelphia, PA;228.0;-7.0;-29.0;;;;;
955;2019-11-14;4895;Philadelphia, PA;Rochester, NY;257.0;-8.0;-18.0;;;;;
956;2019-11-14;4896;Charlotte, NC;Harrisburg, PA;413.0;3.0;1.0;;;;;
957;2019-11-14;4897;Charlotte, NC;Bristol/Johnson City/Kingsport, TN;119.0;87.0;72.0;0.0;0.0;0.0;0.0;72.0
958;2019-11-14;4898;Richmond, VA;Philadelphia, PA;198.0;-2.0;-10.0;;;;;
959;2019-11-14;4899;Charlotte, NC;Roanoke, VA;155.0;-5.0;-5.0;;;;;
960;2019-11-14;4899;Roanoke, VA;Charlotte, NC;155.0;-7.0;-19.0;;;;;
961;2019-11-14;4900;Allentown/Bethlehem/Easton, PA;Philadelphia, PA;55.0;28.0;17.0;17.0;0.0;0.0;0.0;0.0
962;2019-11-14;4900;Philadelphia, PA;Allentown/Bethlehem/Easton, PA;55.0;-4.0;-7.0;;;;;
963;2019-11-14;4902;Milwaukee, WI;Philadelphia, PA;690.0;-9.0;-14.0;;;;;
964;2019-11-14;4902;Philadelphia, PA;Milwaukee, WI;690.0;-8.0;-20.0;;;;;
965;2019-11-14;4903;Charlotte, NC;Knoxville, TN;177.0;54.0;50.0;50.0;0.0;0.0;0.0;0.0
966;2019-11-14;4903;Knoxville, TN;Charlotte, NC;177.0;48.0;36.0;0.0;0.0;0.0;0.0;36.0
967;2019-11-14;4904;Philadelphia, PA;Syracuse, NY;228.0;-6.0;-7.0;;;;;
968;2019-11-14;4904;Syracuse, NY;Philadelphia, PA;228.0;-5.0;-18.0;;;;;
969;2019-11-14;4905;Augusta, GA;Charlotte, NC;140.0;-2.0;-2.0;;;;;
970;2019-11-14;4905;Charlotte, NC;Augusta, GA;140.0;-3.0;3.0;;;;;
971;2019-11-14;4906;Charlotte, NC;Charlottesville, VA;245.0;-6.0;-6.0;;;;;
972;2019-11-14;4907;Charlotte, NC;Knoxville, TN;177.0;-4.0;-2.0;;;;;
973;2019-11-14;4907;Knoxville, TN;Charlotte, NC;177.0;-5.0;-16.0;;;;;
974;2019-11-14;4908;Bangor, ME;Philadelphia, PA;473.0;-6.0;12.0;;;;;
975;2019-11-14;4909;Fort Wayne, IN;Philadelphia, PA;530.0;-8.0;0.0;;;;;
976;2019-11-14;1568;San Francisco, CA;Santa Barbara, CA;262.0;-6.0;-10.0;;;;;
977;2019-11-14;1564;Boston, MA;Chicago, IL;867.0;-4.0;-19.0;;;;;
978;2019-11-14;1561;Houston, TX;San Francisco, CA;1635.0;12.0;5.0;;;;;
979;2019-11-14;1557;Kahului, HI;San Francisco, CA;2338.0;-1.0;-3.0;;;;;
980;2019-11-14;1555;San Jose, CA;Denver, CO;948.0;-4.0;-25.0;;;;;
981;2019-11-14;1554;Washington, DC;San Francisco, CA;2442.0;-1.0;32.0;0.0;0.0;32.0;0.0;0.0
982;2019-11-14;1554;San Francisco, CA;Atlanta, GA;2139.0;11.0;9.0;;;;;
983;2019-11-14;1552;Newark, NJ;West Palm Beach/Palm Beach, FL;1023.0;-5.0;-16.0;;;;;
984;2019-11-14;1552;Phoenix, AZ;Newark, NJ;2133.0;-6.0;-16.0;;;;;
985;2019-11-14;1551;Boston, MA;Newark, NJ;200.0;-2.0;10.0;;;;;
986;2019-11-14;1548;San Francisco, CA;Phoenix, AZ;651.0;-5.0;-10.0;;;;;
987;2019-11-14;1546;Orlando, FL;Chicago, IL;1005.0;-6.0;-8.0;;;;;
988;2019-11-14;1545;San Diego, CA;San Francisco, CA;447.0;-6.0;16.0;0.0;0.0;16.0;0.0;0.0
989;2019-11-14;1544;Philadelphia, PA;Chicago, IL;678.0;-6.0;-7.0;;;;;
990;2019-11-14;1542;Seattle, WA;San Francisco, CA;679.0;98.0;84.0;0.0;0.0;0.0;0.0;84.0
991;2019-11-14;1538;Newark, NJ;West Palm Beach/Palm Beach, FL;1023.0;10.0;28.0;6.0;0.0;18.0;0.0;4.0
992;2019-11-14;1537;Las Vegas, NV;Newark, NJ;2227.0;-16.0;30.0;0.0;0.0;30.0;0.0;0.0
993;2019-11-14;1536;Denver, CO;Des Moines, IA;589.0;-5.0;-5.0;;;;;
994;2019-11-14;1534;Newark, NJ;Houston, TX;1400.0;14.0;16.0;14.0;0.0;2.0;0.0;0.0
995;2019-11-14;1534;Fort Myers, FL;Newark, NJ;1068.0;-10.0;-18.0;;;;;
996;2019-11-14;1533;St. Louis, MO;Chicago, IL;258.0;-3.0;4.0;;;;;
997;2019-11-14;1530;Cleveland, OH;Houston, TX;1091.0;5.0;-9.0;;;;;
998;2019-11-14;1530;Denver, CO;Cleveland, OH;1201.0;-3.0;-7.0;;;;;
999;2019-11-14;1528;Houston, TX;Baltimore, MD;1235.0;-4.0;-20.0;;;;;
